-- phpMyAdmin SQL Dump
-- version 4.9.4
-- https://www.phpmyadmin.net/
--
-- Хост: 127.0.0.1
-- Время создания: Июн 23 2023 г., 10:53
-- Версия сервера: 5.7.29
-- Версия PHP: 5.6.40

SET SQL_MODE = "NO_AUTO_VALUE_ON_ZERO";
SET AUTOCOMMIT = 0;
START TRANSACTION;
SET time_zone = "+00:00";


/*!40101 SET @OLD_CHARACTER_SET_CLIENT=@@CHARACTER_SET_CLIENT */;
/*!40101 SET @OLD_CHARACTER_SET_RESULTS=@@CHARACTER_SET_RESULTS */;
/*!40101 SET @OLD_COLLATION_CONNECTION=@@COLLATION_CONNECTION */;
/*!40101 SET NAMES utf8mb4 */;

--
-- База данных: `NonPhix_korean`
--
CREATE DATABASE IF NOT EXISTS `NonPhix_korean` DEFAULT CHARACTER SET utf8 COLLATE utf8_general_ci;
USE `NonPhix_korean`;

-- --------------------------------------------------------

--
-- Структура таблицы `admins`
--

CREATE TABLE `admins` (
  `id` int(11) NOT NULL,
  `login` varchar(255) NOT NULL,
  `password` varchar(255) NOT NULL,
  `img` varchar(255) NOT NULL DEFAULT '../../img/user.png'
) ENGINE=MyISAM DEFAULT CHARSET=utf8;

--
-- Дамп данных таблицы `admins`
--

INSERT INTO `admins` (`id`, `login`, `password`, `img`) VALUES
(1, 'admin@admin.ru', '$2y$10$TYwj04KhlycHAzNYBnLvyeJS5lHEdOcOY6j.RGSlAvrrfUU6s8FHq', '../../img/user.png');

-- --------------------------------------------------------

--
-- Структура таблицы `cart`
--

CREATE TABLE `cart` (
  `id` int(11) NOT NULL,
  `name` varchar(255) COLLATE utf8mb4_unicode_ci NOT NULL,
  `category` varchar(255) COLLATE utf8mb4_unicode_ci NOT NULL,
  `descr` varchar(10000) COLLATE utf8mb4_unicode_ci NOT NULL,
  `price` int(255) NOT NULL,
  `img` varchar(255) COLLATE utf8mb4_unicode_ci NOT NULL,
  `email` varchar(255) COLLATE utf8mb4_unicode_ci DEFAULT 'error',
  `q` int(255) NOT NULL DEFAULT '1',
  `status` varchar(255) COLLATE utf8mb4_unicode_ci NOT NULL DEFAULT 'В корзине'
) ENGINE=InnoDB DEFAULT CHARSET=utf8mb4 COLLATE=utf8mb4_unicode_ci;

--
-- Дамп данных таблицы `cart`
--

INSERT INTO `cart` (`id`, `name`, `category`, `descr`, `price`, `img`, `email`, `q`, `status`) VALUES
(3, 'Чайник', 'Чайники', 'Крутой синий чайник', 2550, '../../img/ch.webp', '44923', 3, 'В корзине'),
(1, 'Чайник', 'Чайники', 'Крутой синий чайник', 2550, '../../img/ch.webp', '44923', 3, 'В корзине'),
(2, 'Сковородка', 'Кухня', 'Сковородка крутая.', 500, '../../img/1002611426_1.jpg', '46124', 3, 'В корзине'),
(1, 'Чайник', 'Чайники', 'Крутой синий чайник', 2550, '../../img/ch.webp', '15646', 1, 'В корзине'),
(1, 'Чайник', 'Чайники', 'Крутой синий чайник', 2550, '../../img/ch.webp', '37756', 2, 'В корзине'),
(2, 'Сковородка', 'Кухня', 'Сковородка крутая.', 500, '../../img/1002611426_1.jpg', '59174', 1, 'В корзине'),
(11, 'Фен', 'Фен', 'ПЕРВЫЙ ФЕН В НАШЕМ МАГАЗИНЕ, ВУААААА!!!', 7999, '../../img/af530bb69b36106789bc45ee0dfc328a048493805d97cb4582167e9f56552516.jpg.webp', '59174', 2, 'В корзине'),
(2, 'Сковородка', 'Кухня', 'Сковородка крутая.', 500, '../../img/1002611426_1.jpg', '57477', 3, 'В корзине'),
(3, 'Чайник', 'Чайники', 'Крутой синий чайник', 2550, '../../img/ch.webp', '49624', 1, 'В корзине'),
(1, 'Чайник', 'Чайники', 'Крутой синий чайник', 2550, '../../img/ch.webp', '81865', 1, 'В корзине'),
(2, 'Сковородка', 'Кухня', 'Сковородка крутая.', 500, '../../img/1002611426_1.jpg', '87048', 1, 'В корзине'),
(1, 'Чайник', 'Чайники', 'Крутой синий чайник', 2550, '../../img/ch.webp', 'babul@mail.ru', 2, 'В корзине'),
(4, 'Сковородка', 'Кухня', 'Сковородка крутая.', 500, '../../img/1002611426_1.jpg', 'babul@mail.ru', 1, 'В корзине'),
(1, 'Чайник', 'Чайники', 'Крутой синий чайник', 2550, '../../img/ch.webp', '59719', 1, 'В корзине'),
(1, 'Чайник', 'Чайники', 'Крутой синий чайник', 2550, '../../img/ch.webp', '31881', 1, 'В корзине'),
(2, 'Сковородка', 'Кухня', 'Сковородка крутая.', 500, '../../img/1002611426_1.jpg', '64154', 1, 'В корзине'),
(10, 'Термопот', 'Термопоты', 'Теперь ещё круче, он стал намного прикольнее!', 4500, '../../img/1505072_v01_b.jpeg', '96447', 1, 'В корзине'),
(1, 'Чайник', 'Чайники', 'Крутой синий чайник', 2550, '../../img/ch.webp', '22451', 1, 'В корзине'),
(1, 'Чайник', 'Чайники', 'Крутой синий чайник', 2550, '../../img/ch.webp', '11867', 1, 'В корзине'),
(2, 'Сковородка', 'Кухня', 'Сковородка крутая.', 500, '../../img/1002611426_1.jpg', '28674', 1, 'В корзине'),
(5, 'Термопот', 'Термопоты', 'Впервые слышу о таком названии...', 4500, '../../img/692977ec_1c07_11e4_bc13_50e549cd0106_83fb757f_21a3_11e4_bc13_50e549cd0106.resize1.jpg', '16150', 1, 'В корзине'),
(3, 'Чайник', 'Чайники', 'Крутой синий чайник', 2550, '../../img/ch.webp', '51574', 1, 'В корзине'),
(1, 'Чайник', 'Чайники', 'Крутой синий чайник', 2550, '../../img/ch.webp', '51574', 4, 'В корзине'),
(2, 'Сковородка', 'Кухня', 'Сковородка крутая.', 500, '../../img/1002611426_1.jpg', '51574', 1, 'В корзине'),
(8, 'Термопот', 'Термопоты', 'Впервые слышу о таком названии...', 4500, '../../img/692977ec_1c07_11e4_bc13_50e549cd0106_83fb757f_21a3_11e4_bc13_50e549cd0106.resize1.jpg', '51574', 1, 'В корзине'),
(1, 'Чайник', 'Чайники', 'Крутой синий чайник', 2550, '../../img/ch.webp', 'antoniosex2@mail.ru', 1, 'В корзине'),
(3, 'Чайник', 'Чайники', 'Крутой синий чайник', 2550, '../../img/ch.webp', 'antoniosex2@mail.ru', 1, 'В корзине'),
(1, 'Стиральная машина LG F4V5TS0W', 'Стиральные машины', '<strong class=\"font-bold text-xl\">Особенности LG F4V5TS0W</strong>\r\n\r\n<strong class=\"font-bold text-lg\">Что такое AI DD?</strong>\r\nИнтеллектуальная система определения типа ткани AI DD способна распознавать не только вес, но и характеристики ткани, такие как плотность и мягкость, с точностью подбирая оптимальный алгоритм стирки.\r\n\r\n<strong class=\"font-bold text-lg\">6 движений заботы</strong>\r\nВ отличие от обычных стиральных машин, барабан LG обладает широким набором вариантов вращения, максимально адаптированных к различным типам ткани степени загрязнения белья.\r\n\r\n<strong class=\"font-bold text-lg\">Система прямого привода</strong>\r\nМотор крепится напрямую к барабану, таким образом система прямого привода не имеет в своей конструкции легко изнашивающихся деталей, что обеспечивает высокую надежность и долговечность работы мотора.\r\n\r\n<strong class=\"font-bold text-lg\">Функция мобильной диагностики</strong>\r\nФункция мобильной диагностики SmartDiagnosis позволяет сократить время и сэкономить деньги в случае возникновения неполадок. Вы можете передать данные для определения проблемы в центр технической поддержки посредством телефона.\r\n\r\n<strong class=\"font-bold text-lg\">Система бесконтактной  коммуникации LG ThinQ</strong>\r\nСтиральная машина LG AI DD оснащена технологией LG ThinQ. Вы можете управлять стиральной машиной с помощью смартфона, загружать специальные циклы стирки и отслеживать расход воды и электричества.\r\n\r\n<strong class=\"font-bold text-lg\">Минимальный уровень шума</strong>\r\nСистема прямого привода не имеет в своей конструкции щеток и ремня, поэтому в процессе работы создает гораздо меньше шума. Поскольку ось вращения двигателя и барабана совпадает, уровень вибрации снижается до минимума\r\n\r\n<strong class=\"font-bold text-lg\">Современный и практичный</strong>\r\nПереключатель с металлической отделкой стал более эргономичным, а символы на дисплее крупнее.\r\n\r\n<strong class=\"font-bold text-lg\">Увеличенная прочность</strong>\r\nЭлегантная дверь из закаленного стекла устойчива к царапинам, сколам и высоким температурам. Ребра барабана выполнены из нержавеющей стали, обладающей антибактериальными свойствами.\r\n\r\n<strong class=\"font-bold text-lg\">Больше загрузка, тот же размер</strong>\r\nУлучшенная система амортизаторов снижает уровень вибраций во время стирки. Это позволяет увеличить объем барабана, не увеличивая размеры корпуса стиральной машины\r\n\r\n<strong class=\"font-bold text-lg\">Удаление до 99,9% аллергенов</strong>\r\nОбработка паром сокращает на 99,9% количество бытовых аллергенов.', 60000, '../../img/1.jpg', '63484', 2, 'В корзине'),
(2, 'Холодильник с морозильником LG GA-B419SLGL серый', 'Холодильники', 'LG GA-B419SLGL - холодильник с технологией LG Total No Frost больше не требуют разморозки морозильной камеры, благодаря принудительному обдуву холодным воздухом. Система многопоточного охлаждения Multi Air Flow равномерно распределяет холодный воздух для того, чтобы продукты оставались свежими дольше даже на верхних полках холодильника. Быстрая заморозка не повреждает структуру продуктов, сохраняет их вкус, цвет и питательные свойства. При быстрой заморозке кристаллы льда в тканях образуются быстрее, равномернее и мельче по размеру. Эта функция особенно полезна для лучшего сохранения домашних заготовок.', 49999, '../../img/2.webp', 'antoniosex2@mail.ru', 1, 'В корзине'),
(1, 'Стиральная машина LG F4V5TS0W', 'Стиральные машины', 'Стиральная машина LG F4V5TS0W с системой искусственного интеллекта AI DD адаптирует продолжительность стирки, температуру и интенсивность вращения барабана под выбранный тип ткани для качественного устранения загрязнений одновременно с бережным воздействием.\r\n\r\n<strong class=\"font-bold text-xl\">Особенности LG F4V5TS0W</strong>\r\n\r\n<strong class=\"font-bold text-lg\">Что такое AI DD?</strong>\r\nИнтеллектуальная система определения типа ткани AI DD способна распознавать не только вес, но и характеристики ткани, такие как плотность и мягкость, с точностью подбирая оптимальный алгоритм стирки.\r\n\r\n<strong class=\"font-bold text-lg\">6 движений заботы</strong>\r\nВ отличие от обычных стиральных машин, барабан LG обладает широким набором вариантов вращения, максимально адаптированных к различным типам ткани степени загрязнения белья.\r\n\r\n<strong class=\"font-bold text-lg\">Система прямого привода</strong>\r\nМотор крепится напрямую к барабану, таким образом система прямого привода не имеет в своей конструкции легко изнашивающихся деталей, что обеспечивает высокую надежность и долговечность работы мотора.\r\n\r\n<strong class=\"font-bold text-lg\">Функция мобильной диагностики</strong>\r\nФункция мобильной диагностики SmartDiagnosis позволяет сократить время и сэкономить деньги в случае возникновения неполадок. Вы можете передать данные для определения проблемы в центр технической поддержки посредством телефона.\r\n\r\n<strong class=\"font-bold text-lg\">Система бесконтактной  коммуникации LG ThinQ</strong>\r\nСтиральная машина LG AI DD оснащена технологией LG ThinQ. Вы можете управлять стиральной машиной с помощью смартфона, загружать специальные циклы стирки и отслеживать расход воды и электричества.\r\n\r\n<strong class=\"font-bold text-lg\">Минимальный уровень шума</strong>\r\nСистема прямого привода не имеет в своей конструкции щеток и ремня, поэтому в процессе работы создает гораздо меньше шума. Поскольку ось вращения двигателя и барабана совпадает, уровень вибрации снижается до минимума\r\n\r\n<strong class=\"font-bold text-lg\">Современный и практичный</strong>\r\nПереключатель с металлической отделкой стал более эргономичным, а символы на дисплее крупнее.\r\n\r\n<strong class=\"font-bold text-lg\">Увеличенная прочность</strong>\r\nЭлегантная дверь из закаленного стекла устойчива к царапинам, сколам и высоким температурам. Ребра барабана выполнены из нержавеющей стали, обладающей антибактериальными свойствами.\r\n\r\n<strong class=\"font-bold text-lg\">Больше загрузка, тот же размер</strong>\r\nУлучшенная система амортизаторов снижает уровень вибраций во время стирки. Это позволяет увеличить объем барабана, не увеличивая размеры корпуса стиральной машины\r\n\r\n<strong class=\"font-bold text-lg\">Удаление до 99,9% аллергенов</strong>\r\nОбработка паром сокращает на 99,9% количество бытовых аллергенов.', 60000, '../../img/1.jpg', 'you@mail.ru', 2, 'Оплачено'),
(3, 'Микроволновая печь LG MS2042DY белый', 'Кухня', 'Специальное легкоочищаемое покрытие LG EasyClean устойчиво к механическим повреждениям и впитыванию жира, благодаря\r\nчему частички пищи не прилипают к стенкам печи и легко очищаются. Благодаря технологии i-Wave, микроволны в печи распространяются равномерно, обеспечивая глубокое проникновение тепла как по центру, так и по краям блюд.\r\nОсобая конструкция внутренней стенки помогает волнам распространяться по всему объему камеры, что обеспечивает более равномерное приготовление. 32 уникальные программы, позволяющие без усилий приготовить блюда по традиционным рецептам\r\nфранцузской, итальянской, восточной и русской кухни. Достаточно лишь заложить необходимые продукты в камеру и выбрать подходящее меню, а печь сама установит оптимальный режим приготовления блюда.', 10000, '../../img/3.webp', 'you@mail.ru', 2, 'Оплачено'),
(11, 'Холодос', 'Холодильники', 'Холодный', 1, '709ed78fdbfa5e061b2451409abf3246.jpeg', '62589', 1, 'В корзине'),
(7, '\"50\" (125 см) Телевизор LED Samsung UE50AU7560UXRU серый', 'Телевизоры', 'Телевизор LED Samsung UE50AU7560UXRU сочетает в себе технологичность премиального уровня и особенности многофункционального развлекательного центра. В основе экрана содержится панель диагональю 50 дюйма с разрешением стандарта UltraHD и поддержкой технологии расширенного динамического диапазона цветовой палитры HDR, благодаря которой с любого положения отображается детализированная реалистичная картинка. Акустическая система мощностью 20 Вт отвечает за воспроизведение четкого звука с объемным эффектом.\r\nИнтегрированная платформа Smart TV, работающая под управлением операционной системы Tizen с простым интерфейсом, предоставляет широкие возможности для запуска различного контента. В данной модели реализованы востребованные проводные и беспроводные коммуникации. Дополнительно отмечаются цифровой тюнер и мультимедийный проигрыватель с устройств USB. Выполненный в тонком корпусе с узкой рамкой, телевизор Samsung UE50AU7560UXRU будет элегантно смотреться в любом интерьере.', 35000, '../../img/7.webp', '62589', 1, 'В корзине'),
(1, 'Стиральная машина LG F4V5TS0W', 'Стиральные машины', 'Стиральная машина LG F4V5TS0W с системой искусственного интеллекта AI DD адаптирует продолжительность стирки, температуру и интенсивность вращения барабана под выбранный тип ткани для качественного устранения загрязнений одновременно с бережным воздействием.\r\n\r\n<strong class=\"font-bold text-xl\">Особенности LG F4V5TS0W</strong>\r\n\r\n<strong class=\"font-bold text-lg\">Что такое AI DD?</strong>\r\nИнтеллектуальная система определения типа ткани AI DD способна распознавать не только вес, но и характеристики ткани, такие как плотность и мягкость, с точностью подбирая оптимальный алгоритм стирки.\r\n\r\n<strong class=\"font-bold text-lg\">6 движений заботы</strong>\r\nВ отличие от обычных стиральных машин, барабан LG обладает широким набором вариантов вращения, максимально адаптированных к различным типам ткани степени загрязнения белья.\r\n\r\n<strong class=\"font-bold text-lg\">Система прямого привода</strong>\r\nМотор крепится напрямую к барабану, таким образом система прямого привода не имеет в своей конструкции легко изнашивающихся деталей, что обеспечивает высокую надежность и долговечность работы мотора.\r\n\r\n<strong class=\"font-bold text-lg\">Функция мобильной диагностики</strong>\r\nФункция мобильной диагностики SmartDiagnosis позволяет сократить время и сэкономить деньги в случае возникновения неполадок. Вы можете передать данные для определения проблемы в центр технической поддержки посредством телефона.\r\n\r\n<strong class=\"font-bold text-lg\">Система бесконтактной  коммуникации LG ThinQ</strong>\r\nСтиральная машина LG AI DD оснащена технологией LG ThinQ. Вы можете управлять стиральной машиной с помощью смартфона, загружать специальные циклы стирки и отслеживать расход воды и электричества.\r\n\r\n<strong class=\"font-bold text-lg\">Минимальный уровень шума</strong>\r\nСистема прямого привода не имеет в своей конструкции щеток и ремня, поэтому в процессе работы создает гораздо меньше шума. Поскольку ось вращения двигателя и барабана совпадает, уровень вибрации снижается до минимума\r\n\r\n<strong class=\"font-bold text-lg\">Современный и практичный</strong>\r\nПереключатель с металлической отделкой стал более эргономичным, а символы на дисплее крупнее.\r\n\r\n<strong class=\"font-bold text-lg\">Увеличенная прочность</strong>\r\nЭлегантная дверь из закаленного стекла устойчива к царапинам, сколам и высоким температурам. Ребра барабана выполнены из нержавеющей стали, обладающей антибактериальными свойствами.\r\n\r\n<strong class=\"font-bold text-lg\">Больше загрузка, тот же размер</strong>\r\nУлучшенная система амортизаторов снижает уровень вибраций во время стирки. Это позволяет увеличить объем барабана, не увеличивая размеры корпуса стиральной машины\r\n\r\n<strong class=\"font-bold text-lg\">Удаление до 99,9% аллергенов</strong>\r\nОбработка паром сокращает на 99,9% количество бытовых аллергенов.', 60000, '../../img/1.jpg', '37452', 1, 'В корзине'),
(1, 'Стиральная машина LG F4V5TS0W', 'Стиральные машины', 'Стиральная машина LG F4V5TS0W с системой искусственного интеллекта AI DD адаптирует продолжительность стирки, температуру и интенсивность вращения барабана под выбранный тип ткани для качественного устранения загрязнений одновременно с бережным воздействием.\r\n\r\n<strong class=\"font-bold text-xl\">Особенности LG F4V5TS0W</strong>\r\n\r\n<strong class=\"font-bold text-lg\">Что такое AI DD?</strong>\r\nИнтеллектуальная система определения типа ткани AI DD способна распознавать не только вес, но и характеристики ткани, такие как плотность и мягкость, с точностью подбирая оптимальный алгоритм стирки.\r\n\r\n<strong class=\"font-bold text-lg\">6 движений заботы</strong>\r\nВ отличие от обычных стиральных машин, барабан LG обладает широким набором вариантов вращения, максимально адаптированных к различным типам ткани степени загрязнения белья.\r\n\r\n<strong class=\"font-bold text-lg\">Система прямого привода</strong>\r\nМотор крепится напрямую к барабану, таким образом система прямого привода не имеет в своей конструкции легко изнашивающихся деталей, что обеспечивает высокую надежность и долговечность работы мотора.\r\n\r\n<strong class=\"font-bold text-lg\">Функция мобильной диагностики</strong>\r\nФункция мобильной диагностики SmartDiagnosis позволяет сократить время и сэкономить деньги в случае возникновения неполадок. Вы можете передать данные для определения проблемы в центр технической поддержки посредством телефона.\r\n\r\n<strong class=\"font-bold text-lg\">Система бесконтактной  коммуникации LG ThinQ</strong>\r\nСтиральная машина LG AI DD оснащена технологией LG ThinQ. Вы можете управлять стиральной машиной с помощью смартфона, загружать специальные циклы стирки и отслеживать расход воды и электричества.\r\n\r\n<strong class=\"font-bold text-lg\">Минимальный уровень шума</strong>\r\nСистема прямого привода не имеет в своей конструкции щеток и ремня, поэтому в процессе работы создает гораздо меньше шума. Поскольку ось вращения двигателя и барабана совпадает, уровень вибрации снижается до минимума\r\n\r\n<strong class=\"font-bold text-lg\">Современный и практичный</strong>\r\nПереключатель с металлической отделкой стал более эргономичным, а символы на дисплее крупнее.\r\n\r\n<strong class=\"font-bold text-lg\">Увеличенная прочность</strong>\r\nЭлегантная дверь из закаленного стекла устойчива к царапинам, сколам и высоким температурам. Ребра барабана выполнены из нержавеющей стали, обладающей антибактериальными свойствами.\r\n\r\n<strong class=\"font-bold text-lg\">Больше загрузка, тот же размер</strong>\r\nУлучшенная система амортизаторов снижает уровень вибраций во время стирки. Это позволяет увеличить объем барабана, не увеличивая размеры корпуса стиральной машины\r\n\r\n<strong class=\"font-bold text-lg\">Удаление до 99,9% аллергенов</strong>\r\nОбработка паром сокращает на 99,9% количество бытовых аллергенов.', 60000, '../../img/1.jpg', '72407', 1, 'В корзине'),
(1, 'Стиральная машина LG F4V5TS0W', 'Стиральные машины', 'Стиральная машина LG F4V5TS0W с системой искусственного интеллекта AI DD адаптирует продолжительность стирки, температуру и интенсивность вращения барабана под выбранный тип ткани для качественного устранения загрязнений одновременно с бережным воздействием.\r\n\r\n<strong class=\"font-bold text-xl\">Особенности LG F4V5TS0W</strong>\r\n\r\n<strong class=\"font-bold text-lg\">Что такое AI DD?</strong>\r\nИнтеллектуальная система определения типа ткани AI DD способна распознавать не только вес, но и характеристики ткани, такие как плотность и мягкость, с точностью подбирая оптимальный алгоритм стирки.\r\n\r\n<strong class=\"font-bold text-lg\">6 движений заботы</strong>\r\nВ отличие от обычных стиральных машин, барабан LG обладает широким набором вариантов вращения, максимально адаптированных к различным типам ткани степени загрязнения белья.\r\n\r\n<strong class=\"font-bold text-lg\">Система прямого привода</strong>\r\nМотор крепится напрямую к барабану, таким образом система прямого привода не имеет в своей конструкции легко изнашивающихся деталей, что обеспечивает высокую надежность и долговечность работы мотора.\r\n\r\n<strong class=\"font-bold text-lg\">Функция мобильной диагностики</strong>\r\nФункция мобильной диагностики SmartDiagnosis позволяет сократить время и сэкономить деньги в случае возникновения неполадок. Вы можете передать данные для определения проблемы в центр технической поддержки посредством телефона.\r\n\r\n<strong class=\"font-bold text-lg\">Система бесконтактной  коммуникации LG ThinQ</strong>\r\nСтиральная машина LG AI DD оснащена технологией LG ThinQ. Вы можете управлять стиральной машиной с помощью смартфона, загружать специальные циклы стирки и отслеживать расход воды и электричества.\r\n\r\n<strong class=\"font-bold text-lg\">Минимальный уровень шума</strong>\r\nСистема прямого привода не имеет в своей конструкции щеток и ремня, поэтому в процессе работы создает гораздо меньше шума. Поскольку ось вращения двигателя и барабана совпадает, уровень вибрации снижается до минимума\r\n\r\n<strong class=\"font-bold text-lg\">Современный и практичный</strong>\r\nПереключатель с металлической отделкой стал более эргономичным, а символы на дисплее крупнее.\r\n\r\n<strong class=\"font-bold text-lg\">Увеличенная прочность</strong>\r\nЭлегантная дверь из закаленного стекла устойчива к царапинам, сколам и высоким температурам. Ребра барабана выполнены из нержавеющей стали, обладающей антибактериальными свойствами.\r\n\r\n<strong class=\"font-bold text-lg\">Больше загрузка, тот же размер</strong>\r\nУлучшенная система амортизаторов снижает уровень вибраций во время стирки. Это позволяет увеличить объем барабана, не увеличивая размеры корпуса стиральной машины\r\n\r\n<strong class=\"font-bold text-lg\">Удаление до 99,9% аллергенов</strong>\r\nОбработка паром сокращает на 99,9% количество бытовых аллергенов.', 60000, '../../img/1.jpg', 'hfhdvdffvv@gmail.com', 1, 'В корзине'),
(1, 'Стиральная машина LG F4V5TS0W', 'Стиральные машины', 'Стиральная машина LG F4V5TS0W с системой искусственного интеллекта AI DD адаптирует продолжительность стирки, температуру и интенсивность вращения барабана под выбранный тип ткани для качественного устранения загрязнений одновременно с бережным воздействием.\r\n\r\n<strong class=\"font-bold text-xl\">Особенности LG F4V5TS0W</strong>\r\n\r\n<strong class=\"font-bold text-lg\">Что такое AI DD?</strong>\r\nИнтеллектуальная система определения типа ткани AI DD способна распознавать не только вес, но и характеристики ткани, такие как плотность и мягкость, с точностью подбирая оптимальный алгоритм стирки.\r\n\r\n<strong class=\"font-bold text-lg\">6 движений заботы</strong>\r\nВ отличие от обычных стиральных машин, барабан LG обладает широким набором вариантов вращения, максимально адаптированных к различным типам ткани степени загрязнения белья.\r\n\r\n<strong class=\"font-bold text-lg\">Система прямого привода</strong>\r\nМотор крепится напрямую к барабану, таким образом система прямого привода не имеет в своей конструкции легко изнашивающихся деталей, что обеспечивает высокую надежность и долговечность работы мотора.\r\n\r\n<strong class=\"font-bold text-lg\">Функция мобильной диагностики</strong>\r\nФункция мобильной диагностики SmartDiagnosis позволяет сократить время и сэкономить деньги в случае возникновения неполадок. Вы можете передать данные для определения проблемы в центр технической поддержки посредством телефона.\r\n\r\n<strong class=\"font-bold text-lg\">Система бесконтактной  коммуникации LG ThinQ</strong>\r\nСтиральная машина LG AI DD оснащена технологией LG ThinQ. Вы можете управлять стиральной машиной с помощью смартфона, загружать специальные циклы стирки и отслеживать расход воды и электричества.\r\n\r\n<strong class=\"font-bold text-lg\">Минимальный уровень шума</strong>\r\nСистема прямого привода не имеет в своей конструкции щеток и ремня, поэтому в процессе работы создает гораздо меньше шума. Поскольку ось вращения двигателя и барабана совпадает, уровень вибрации снижается до минимума\r\n\r\n<strong class=\"font-bold text-lg\">Современный и практичный</strong>\r\nПереключатель с металлической отделкой стал более эргономичным, а символы на дисплее крупнее.\r\n\r\n<strong class=\"font-bold text-lg\">Увеличенная прочность</strong>\r\nЭлегантная дверь из закаленного стекла устойчива к царапинам, сколам и высоким температурам. Ребра барабана выполнены из нержавеющей стали, обладающей антибактериальными свойствами.\r\n\r\n<strong class=\"font-bold text-lg\">Больше загрузка, тот же размер</strong>\r\nУлучшенная система амортизаторов снижает уровень вибраций во время стирки. Это позволяет увеличить объем барабана, не увеличивая размеры корпуса стиральной машины\r\n\r\n<strong class=\"font-bold text-lg\">Удаление до 99,9% аллергенов</strong>\r\nОбработка паром сокращает на 99,9% количество бытовых аллергенов.', 60000, '../../img/1.jpg', '75482', 1, 'Оплачено'),
(2, 'Холодильник с морозильником LG GA-B419SLGL серый', 'Холодильники', 'LG GA-B419SLGL - холодильник с технологией LG Total No Frost больше не требуют разморозки морозильной камеры, благодаря принудительному обдуву холодным воздухом. Система многопоточного охлаждения Multi Air Flow равномерно распределяет холодный воздух для того, чтобы продукты оставались свежими дольше даже на верхних полках холодильника. Быстрая заморозка не повреждает структуру продуктов, сохраняет их вкус, цвет и питательные свойства. При быстрой заморозке кристаллы льда в тканях образуются быстрее, равномернее и мельче по размеру. Эта функция особенно полезна для лучшего сохранения домашних заготовок.', 49999, '../../img/2.webp', '75482', 1, 'Оплачено'),
(9, 'Холодильник с морозильником Samsung RB30A32N0WW/WT белый', 'Холодильники', 'Холодильник с морозильником Samsung RB30A32N0WW/WT представляет собой очень удобный аппарат, выполненный в белом корпусе размерами 59.5x178x67.5 см. Благодаря использованию технологии Space Max толщина его стенок уменьшена, поскольку применена хорошая теплоизоляция. Металлическое внешнее покрытие будет служить дольше, ведь оно меньше подвергается царапинам, а значит, холодильник будет сохранять свою привлекательность долгое время.\r\nОбщий объем двух камер Samsung RB30A32N0WW/WT соответствует 311 л. Из этого холодильное отделение занимает 213 л, а морозильная камера – 98 л. В обоих отделениях используется система No Frost, которая избавляет от необходимости размораживать их вручную. Благодаря металлической пластине, расположенной задней стенке, на каждом из уровней будет сохраняться одинаковая температура. Нижняя часть холодильного отделения содержит вместительный ящик, в котором сохраняются оптимальные параметры температуры и влажности для хранения мяса и рыбы. Для удобства отслеживания состояния камер холодильника на его верхнюю дверцу вынесен электронный дисплей.', 50000, '../../img/9.webp', 'you@mail.ru', 1, 'Оплачено'),
(1, 'Стиральная машина LG F4V5TS0W', 'Стиральные машины', 'Стиральная машина LG F4V5TS0W с системой искусственного интеллекта AI DD адаптирует продолжительность стирки, температуру и интенсивность вращения барабана под выбранный тип ткани для качественного устранения загрязнений одновременно с бережным воздействием.\r\n\r\n<strong class=\"font-bold text-xl\">Особенности LG F4V5TS0W</strong>\r\n\r\n<strong class=\"font-bold text-lg\">Что такое AI DD?</strong>\r\nИнтеллектуальная система определения типа ткани AI DD способна распознавать не только вес, но и характеристики ткани, такие как плотность и мягкость, с точностью подбирая оптимальный алгоритм стирки.\r\n\r\n<strong class=\"font-bold text-lg\">6 движений заботы</strong>\r\nВ отличие от обычных стиральных машин, барабан LG обладает широким набором вариантов вращения, максимально адаптированных к различным типам ткани степени загрязнения белья.\r\n\r\n<strong class=\"font-bold text-lg\">Система прямого привода</strong>\r\nМотор крепится напрямую к барабану, таким образом система прямого привода не имеет в своей конструкции легко изнашивающихся деталей, что обеспечивает высокую надежность и долговечность работы мотора.\r\n\r\n<strong class=\"font-bold text-lg\">Функция мобильной диагностики</strong>\r\nФункция мобильной диагностики SmartDiagnosis позволяет сократить время и сэкономить деньги в случае возникновения неполадок. Вы можете передать данные для определения проблемы в центр технической поддержки посредством телефона.\r\n\r\n<strong class=\"font-bold text-lg\">Система бесконтактной  коммуникации LG ThinQ</strong>\r\nСтиральная машина LG AI DD оснащена технологией LG ThinQ. Вы можете управлять стиральной машиной с помощью смартфона, загружать специальные циклы стирки и отслеживать расход воды и электричества.\r\n\r\n<strong class=\"font-bold text-lg\">Минимальный уровень шума</strong>\r\nСистема прямого привода не имеет в своей конструкции щеток и ремня, поэтому в процессе работы создает гораздо меньше шума. Поскольку ось вращения двигателя и барабана совпадает, уровень вибрации снижается до минимума\r\n\r\n<strong class=\"font-bold text-lg\">Современный и практичный</strong>\r\nПереключатель с металлической отделкой стал более эргономичным, а символы на дисплее крупнее.\r\n\r\n<strong class=\"font-bold text-lg\">Увеличенная прочность</strong>\r\nЭлегантная дверь из закаленного стекла устойчива к царапинам, сколам и высоким температурам. Ребра барабана выполнены из нержавеющей стали, обладающей антибактериальными свойствами.\r\n\r\n<strong class=\"font-bold text-lg\">Больше загрузка, тот же размер</strong>\r\nУлучшенная система амортизаторов снижает уровень вибраций во время стирки. Это позволяет увеличить объем барабана, не увеличивая размеры корпуса стиральной машины\r\n\r\n<strong class=\"font-bold text-lg\">Удаление до 99,9% аллергенов</strong>\r\nОбработка паром сокращает на 99,9% количество бытовых аллергенов.', 60000, '../../img/1.jpg', '21747', 1, 'Оплачено'),
(1, 'Стиральная машина LG F4V5TS0W', 'Стиральные машины', 'Стиральная машина LG F4V5TS0W с системой искусственного интеллекта AI DD адаптирует продолжительность стирки, температуру и интенсивность вращения барабана под выбранный тип ткани для качественного устранения загрязнений одновременно с бережным воздействием.\r\n\r\n<strong class=\"font-bold text-xl\">Особенности LG F4V5TS0W</strong>\r\n\r\n<strong class=\"font-bold text-lg\">Что такое AI DD?</strong>\r\nИнтеллектуальная система определения типа ткани AI DD способна распознавать не только вес, но и характеристики ткани, такие как плотность и мягкость, с точностью подбирая оптимальный алгоритм стирки.\r\n\r\n<strong class=\"font-bold text-lg\">6 движений заботы</strong>\r\nВ отличие от обычных стиральных машин, барабан LG обладает широким набором вариантов вращения, максимально адаптированных к различным типам ткани степени загрязнения белья.\r\n\r\n<strong class=\"font-bold text-lg\">Система прямого привода</strong>\r\nМотор крепится напрямую к барабану, таким образом система прямого привода не имеет в своей конструкции легко изнашивающихся деталей, что обеспечивает высокую надежность и долговечность работы мотора.\r\n\r\n<strong class=\"font-bold text-lg\">Функция мобильной диагностики</strong>\r\nФункция мобильной диагностики SmartDiagnosis позволяет сократить время и сэкономить деньги в случае возникновения неполадок. Вы можете передать данные для определения проблемы в центр технической поддержки посредством телефона.\r\n\r\n<strong class=\"font-bold text-lg\">Система бесконтактной  коммуникации LG ThinQ</strong>\r\nСтиральная машина LG AI DD оснащена технологией LG ThinQ. Вы можете управлять стиральной машиной с помощью смартфона, загружать специальные циклы стирки и отслеживать расход воды и электричества.\r\n\r\n<strong class=\"font-bold text-lg\">Минимальный уровень шума</strong>\r\nСистема прямого привода не имеет в своей конструкции щеток и ремня, поэтому в процессе работы создает гораздо меньше шума. Поскольку ось вращения двигателя и барабана совпадает, уровень вибрации снижается до минимума\r\n\r\n<strong class=\"font-bold text-lg\">Современный и практичный</strong>\r\nПереключатель с металлической отделкой стал более эргономичным, а символы на дисплее крупнее.\r\n\r\n<strong class=\"font-bold text-lg\">Увеличенная прочность</strong>\r\nЭлегантная дверь из закаленного стекла устойчива к царапинам, сколам и высоким температурам. Ребра барабана выполнены из нержавеющей стали, обладающей антибактериальными свойствами.\r\n\r\n<strong class=\"font-bold text-lg\">Больше загрузка, тот же размер</strong>\r\nУлучшенная система амортизаторов снижает уровень вибраций во время стирки. Это позволяет увеличить объем барабана, не увеличивая размеры корпуса стиральной машины\r\n\r\n<strong class=\"font-bold text-lg\">Удаление до 99,9% аллергенов</strong>\r\nОбработка паром сокращает на 99,9% количество бытовых аллергенов.', 60000, '../../img/1.jpg', 'you@mail.ru', 2, 'В корзине'),
(3, 'Микроволновая печь LG MS2042DY белый', 'Кухня', 'Специальное легкоочищаемое покрытие LG EasyClean устойчиво к механическим повреждениям и впитыванию жира, благодаря\r\nчему частички пищи не прилипают к стенкам печи и легко очищаются. Благодаря технологии i-Wave, микроволны в печи распространяются равномерно, обеспечивая глубокое проникновение тепла как по центру, так и по краям блюд.\r\nОсобая конструкция внутренней стенки помогает волнам распространяться по всему объему камеры, что обеспечивает более равномерное приготовление. 32 уникальные программы, позволяющие без усилий приготовить блюда по традиционным рецептам\r\nфранцузской, итальянской, восточной и русской кухни. Достаточно лишь заложить необходимые продукты в камеру и выбрать подходящее меню, а печь сама установит оптимальный режим приготовления блюда.', 10000, '../../img/3.webp', 'you@mail.ru', 1, 'В корзине'),
(5, 'Электрический духовой шкаф LG LB645059T2 серебристый', 'Кухня', 'Электрический духовой шкаф LG LB645059T2 отличается значительной емкостью: она равна 67 л. Управлять шкафом легко: модель оборудована сенсорной панелью управления и утапливаемыми переключателями. Преимуществом модели является значительное количество режимов работы, равное 11. В наличии гриль, конвекция и программа размораживания. Мощность гриля составляет 1600 Вт: его возможностей хватит для приготовления блюд любого уровня сложности. Безопасность эксплуатации шкафа на высоте: в наличии функции защиты от детей и защитного отключения.\r\nЭлектрический духовой шкаф LG LB645059T2 оборудован телескопическими направляющими, с помощью которых можно с легкостью выдвигать противни, заполненные любым количеством продуктов. Для размещения противней и решетки используются 4 уровня. Дверца духовки имеет откидную конструкцию. Подсветка камеры позволит полностью контролировать процесс приготовления.\r\nВ комплект поставки шкафа входят глубокий противень, противень для выпечки, решетка и руководство по эксплуатации. Габаритные размеры корпуса кухонного прибора составляют 59.3x59.5x57.3 см. Масса шкафа – 34 кг.', 32000, '../../img/5.webp', '73097', 1, 'Оплачено'),
(2, 'Холодильник с морозильником LG GA-B419SLGL серый', 'Холодильники', 'LG GA-B419SLGL - холодильник с технологией LG Total No Frost больше не требуют разморозки морозильной камеры, благодаря принудительному обдуву холодным воздухом. Система многопоточного охлаждения Multi Air Flow равномерно распределяет холодный воздух для того, чтобы продукты оставались свежими дольше даже на верхних полках холодильника. Быстрая заморозка не повреждает структуру продуктов, сохраняет их вкус, цвет и питательные свойства. При быстрой заморозке кристаллы льда в тканях образуются быстрее, равномернее и мельче по размеру. Эта функция особенно полезна для лучшего сохранения домашних заготовок.', 49999, '../../img/2.webp', '87618', 1, 'Оплачено'),
(2, 'Холодильник с морозильником LG GA-B419SLGL серый', 'Холодильники', 'LG GA-B419SLGL - холодильник с технологией LG Total No Frost больше не требуют разморозки морозильной камеры, благодаря принудительному обдуву холодным воздухом. Система многопоточного охлаждения Multi Air Flow равномерно распределяет холодный воздух для того, чтобы продукты оставались свежими дольше даже на верхних полках холодильника. Быстрая заморозка не повреждает структуру продуктов, сохраняет их вкус, цвет и питательные свойства. При быстрой заморозке кристаллы льда в тканях образуются быстрее, равномернее и мельче по размеру. Эта функция особенно полезна для лучшего сохранения домашних заготовок.', 49999, '../../img/2.webp', '12121', 1, 'Оплачено'),
(1, 'Стиральная машина LG F4V5TS0W', 'Стиральные машины', 'Стиральная машина LG F4V5TS0W с системой искусственного интеллекта AI DD адаптирует продолжительность стирки, температуру и интенсивность вращения барабана под выбранный тип ткани для качественного устранения загрязнений одновременно с бережным воздействием.\r\n\r\n<strong class=\"font-bold text-xl\">Особенности LG F4V5TS0W</strong>\r\n\r\n<strong class=\"font-bold text-lg\">Что такое AI DD?</strong>\r\nИнтеллектуальная система определения типа ткани AI DD способна распознавать не только вес, но и характеристики ткани, такие как плотность и мягкость, с точностью подбирая оптимальный алгоритм стирки.\r\n\r\n<strong class=\"font-bold text-lg\">6 движений заботы</strong>\r\nВ отличие от обычных стиральных машин, барабан LG обладает широким набором вариантов вращения, максимально адаптированных к различным типам ткани степени загрязнения белья.\r\n\r\n<strong class=\"font-bold text-lg\">Система прямого привода</strong>\r\nМотор крепится напрямую к барабану, таким образом система прямого привода не имеет в своей конструкции легко изнашивающихся деталей, что обеспечивает высокую надежность и долговечность работы мотора.\r\n\r\n<strong class=\"font-bold text-lg\">Функция мобильной диагностики</strong>\r\nФункция мобильной диагностики SmartDiagnosis позволяет сократить время и сэкономить деньги в случае возникновения неполадок. Вы можете передать данные для определения проблемы в центр технической поддержки посредством телефона.\r\n\r\n<strong class=\"font-bold text-lg\">Система бесконтактной  коммуникации LG ThinQ</strong>\r\nСтиральная машина LG AI DD оснащена технологией LG ThinQ. Вы можете управлять стиральной машиной с помощью смартфона, загружать специальные циклы стирки и отслеживать расход воды и электричества.\r\n\r\n<strong class=\"font-bold text-lg\">Минимальный уровень шума</strong>\r\nСистема прямого привода не имеет в своей конструкции щеток и ремня, поэтому в процессе работы создает гораздо меньше шума. Поскольку ось вращения двигателя и барабана совпадает, уровень вибрации снижается до минимума\r\n\r\n<strong class=\"font-bold text-lg\">Современный и практичный</strong>\r\nПереключатель с металлической отделкой стал более эргономичным, а символы на дисплее крупнее.\r\n\r\n<strong class=\"font-bold text-lg\">Увеличенная прочность</strong>\r\nЭлегантная дверь из закаленного стекла устойчива к царапинам, сколам и высоким температурам. Ребра барабана выполнены из нержавеющей стали, обладающей антибактериальными свойствами.\r\n\r\n<strong class=\"font-bold text-lg\">Больше загрузка, тот же размер</strong>\r\nУлучшенная система амортизаторов снижает уровень вибраций во время стирки. Это позволяет увеличить объем барабана, не увеличивая размеры корпуса стиральной машины\r\n\r\n<strong class=\"font-bold text-lg\">Удаление до 99,9% аллергенов</strong>\r\nОбработка паром сокращает на 99,9% количество бытовых аллергенов.', 60000, '../../img/1.jpg', '12121', 1, 'Оплачено'),
(1, 'Стиральная машина LG F4V5TS0W', 'Стиральные машины', 'Стиральная машина LG F4V5TS0W с системой искусственного интеллекта AI DD адаптирует продолжительность стирки, температуру и интенсивность вращения барабана под выбранный тип ткани для качественного устранения загрязнений одновременно с бережным воздействием.\r\n\r\n<strong class=\"font-bold text-xl\">Особенности LG F4V5TS0W</strong>\r\n\r\n<strong class=\"font-bold text-lg\">Что такое AI DD?</strong>\r\nИнтеллектуальная система определения типа ткани AI DD способна распознавать не только вес, но и характеристики ткани, такие как плотность и мягкость, с точностью подбирая оптимальный алгоритм стирки.\r\n\r\n<strong class=\"font-bold text-lg\">6 движений заботы</strong>\r\nВ отличие от обычных стиральных машин, барабан LG обладает широким набором вариантов вращения, максимально адаптированных к различным типам ткани степени загрязнения белья.\r\n\r\n<strong class=\"font-bold text-lg\">Система прямого привода</strong>\r\nМотор крепится напрямую к барабану, таким образом система прямого привода не имеет в своей конструкции легко изнашивающихся деталей, что обеспечивает высокую надежность и долговечность работы мотора.\r\n\r\n<strong class=\"font-bold text-lg\">Функция мобильной диагностики</strong>\r\nФункция мобильной диагностики SmartDiagnosis позволяет сократить время и сэкономить деньги в случае возникновения неполадок. Вы можете передать данные для определения проблемы в центр технической поддержки посредством телефона.\r\n\r\n<strong class=\"font-bold text-lg\">Система бесконтактной  коммуникации LG ThinQ</strong>\r\nСтиральная машина LG AI DD оснащена технологией LG ThinQ. Вы можете управлять стиральной машиной с помощью смартфона, загружать специальные циклы стирки и отслеживать расход воды и электричества.\r\n\r\n<strong class=\"font-bold text-lg\">Минимальный уровень шума</strong>\r\nСистема прямого привода не имеет в своей конструкции щеток и ремня, поэтому в процессе работы создает гораздо меньше шума. Поскольку ось вращения двигателя и барабана совпадает, уровень вибрации снижается до минимума\r\n\r\n<strong class=\"font-bold text-lg\">Современный и практичный</strong>\r\nПереключатель с металлической отделкой стал более эргономичным, а символы на дисплее крупнее.\r\n\r\n<strong class=\"font-bold text-lg\">Увеличенная прочность</strong>\r\nЭлегантная дверь из закаленного стекла устойчива к царапинам, сколам и высоким температурам. Ребра барабана выполнены из нержавеющей стали, обладающей антибактериальными свойствами.\r\n\r\n<strong class=\"font-bold text-lg\">Больше загрузка, тот же размер</strong>\r\nУлучшенная система амортизаторов снижает уровень вибраций во время стирки. Это позволяет увеличить объем барабана, не увеличивая размеры корпуса стиральной машины\r\n\r\n<strong class=\"font-bold text-lg\">Удаление до 99,9% аллергенов</strong>\r\nОбработка паром сокращает на 99,9% количество бытовых аллергенов.', 60000, '../../img/1.jpg', '12121', 1, 'Оплачено'),
(1, 'Стиральная машина LG F4V5TS0W', 'Стиральные машины', 'Стиральная машина LG F4V5TS0W с системой искусственного интеллекта AI DD адаптирует продолжительность стирки, температуру и интенсивность вращения барабана под выбранный тип ткани для качественного устранения загрязнений одновременно с бережным воздействием.\r\n\r\n<strong class=\"font-bold text-xl\">Особенности LG F4V5TS0W</strong>\r\n\r\n<strong class=\"font-bold text-lg\">Что такое AI DD?</strong>\r\nИнтеллектуальная система определения типа ткани AI DD способна распознавать не только вес, но и характеристики ткани, такие как плотность и мягкость, с точностью подбирая оптимальный алгоритм стирки.\r\n\r\n<strong class=\"font-bold text-lg\">6 движений заботы</strong>\r\nВ отличие от обычных стиральных машин, барабан LG обладает широким набором вариантов вращения, максимально адаптированных к различным типам ткани степени загрязнения белья.\r\n\r\n<strong class=\"font-bold text-lg\">Система прямого привода</strong>\r\nМотор крепится напрямую к барабану, таким образом система прямого привода не имеет в своей конструкции легко изнашивающихся деталей, что обеспечивает высокую надежность и долговечность работы мотора.\r\n\r\n<strong class=\"font-bold text-lg\">Функция мобильной диагностики</strong>\r\nФункция мобильной диагностики SmartDiagnosis позволяет сократить время и сэкономить деньги в случае возникновения неполадок. Вы можете передать данные для определения проблемы в центр технической поддержки посредством телефона.\r\n\r\n<strong class=\"font-bold text-lg\">Система бесконтактной  коммуникации LG ThinQ</strong>\r\nСтиральная машина LG AI DD оснащена технологией LG ThinQ. Вы можете управлять стиральной машиной с помощью смартфона, загружать специальные циклы стирки и отслеживать расход воды и электричества.\r\n\r\n<strong class=\"font-bold text-lg\">Минимальный уровень шума</strong>\r\nСистема прямого привода не имеет в своей конструкции щеток и ремня, поэтому в процессе работы создает гораздо меньше шума. Поскольку ось вращения двигателя и барабана совпадает, уровень вибрации снижается до минимума\r\n\r\n<strong class=\"font-bold text-lg\">Современный и практичный</strong>\r\nПереключатель с металлической отделкой стал более эргономичным, а символы на дисплее крупнее.\r\n\r\n<strong class=\"font-bold text-lg\">Увеличенная прочность</strong>\r\nЭлегантная дверь из закаленного стекла устойчива к царапинам, сколам и высоким температурам. Ребра барабана выполнены из нержавеющей стали, обладающей антибактериальными свойствами.\r\n\r\n<strong class=\"font-bold text-lg\">Больше загрузка, тот же размер</strong>\r\nУлучшенная система амортизаторов снижает уровень вибраций во время стирки. Это позволяет увеличить объем барабана, не увеличивая размеры корпуса стиральной машины\r\n\r\n<strong class=\"font-bold text-lg\">Удаление до 99,9% аллергенов</strong>\r\nОбработка паром сокращает на 99,9% количество бытовых аллергенов.', 60000, '../../img/1.jpg', '18229', 1, 'В корзине');

-- --------------------------------------------------------

--
-- Структура таблицы `categories`
--

CREATE TABLE `categories` (
  `category` varchar(255) COLLATE utf8mb4_unicode_ci NOT NULL,
  `brand` varchar(255) COLLATE utf8mb4_unicode_ci DEFAULT NULL
) ENGINE=InnoDB DEFAULT CHARSET=utf8mb4 COLLATE=utf8mb4_unicode_ci;

--
-- Дамп данных таблицы `categories`
--

INSERT INTO `categories` (`category`, `brand`) VALUES
('Кофемашины', NULL),
('Кухня', 'LG'),
('Отпариватели', NULL),
('Стиральные машины', 'Daewoo'),
('Телевизоры', NULL),
('Утюги', NULL),
('Холодильники', 'Samsung'),
('Часы', NULL),
('Электрочайники', NULL);

-- --------------------------------------------------------

--
-- Структура таблицы `news`
--

CREATE TABLE `news` (
  `id` int(11) NOT NULL,
  `name` varchar(255) NOT NULL,
  `descr` varchar(10240) NOT NULL,
  `author` varchar(255) NOT NULL,
  `date` timestamp NOT NULL DEFAULT CURRENT_TIMESTAMP,
  `img` varchar(255) NOT NULL
) ENGINE=MyISAM DEFAULT CHARSET=utf8;

--
-- Дамп данных таблицы `news`
--

INSERT INTO `news` (`id`, `name`, `descr`, `author`, `date`, `img`) VALUES
(1, 'Что такое бытовая техника?', 'Бытовая техника, как видно из ее названия, используется в быту. Ее назначение – облегчить жизнь, сделать её более комфортной. С помощью бытовой техники упрощаются домашние работы, улучшаются условия труда домашних хозяек. В Арзамасе, как и других городах России, можно найти большой ассортимент бытовой техники – как в обычных магазинах, так и в интернет-магазинах.\r\n\r\nБытовая техника может быть не слишком нужная, но по большей степени она та, без которой не обойтись. По размеру бытовая техника подразделяется на малую и крупную, а также характеризуется по своему целевому назначению.\r\n\r\nДействительно, трудно представить себе жизнь современного человека без различной бытовой техники – холодильников, стиральных машин, микроволновых печей, телевизоров и т.д.\r\n\r\nКаждый человек ежедневно сталкивается с различными видами бытовой техники. Разнообразные возможности бытовой техники позволяют человеку выполнять свои функции в различных сферах. Кроме того, это незаменимое средство коммуникации, а также помощник по уходу за внешностью и здоровьем.\r\n\r\nБлагодаря прогрессу и постоянному развитию новых технологий ассортимент в магазинах бытовой техники все увеличивается. Новые модели – это воплощение дополнительных функций, которые делают бытовую технику все более удобной и совершенной. Бытовая техника значительно экономит время. Но как сэкономить время при ее выборе? \r\n\r\nИногда в магазинах бытовой техники бывает сложно сориентироваться, хождение по огромным торговым залам отнимает много времени и сил. В таком случае для многих реальным выходом становиться покупка в интернет-магазинах бытовой техники. Как правило, они предлагают даже больший ассортимент и удобные условия доставки товара.\r\n\r\nЕще одно направление в развитии новых моделей бытовой техники – это улучшение технологий энергосбережения. В Европе уже давно привыкли экономить ресурсы, в том числе и с помощью бытовой техники. Потребители в России в последнее время также более внимательно стали относиться к экономии электричества и воды.\r\n\r\nИтак, бытовая техника – привычная и необходимая часть нашей жизни. Современный человек может получить удовольствие как от использования, так и от процесса выбора бытовой техники в обычном магазине или в интернет-магазине бытовой техники.', 'George', '2023-05-30 04:03:08', '../../img/x.jpg'),
(2, 'КАКИЕ КУХНИ БУДУТ АКТУАЛЬНЫ В 2023 ГОДУ', 'Кухня - это место, где всякая уважающая себя хозяйка не только собирает семью на завтрак, обед и ужин, но и комфортный уголок, в котором можно обсудить семейные сложности и проблемы, хорошо провести время в компании друзей или же просто отдохнуть после сложного рабочего дня. Не теряет острой актуальности детально продуманный интерьер вашей кухни, правильная организация данного пространства и сочетание комфорта с практичностью, включающие в себя стиль, планировку, разумные цветовые решения в оформлении.\r\n\r\nОтметим, что в наступившем году особую ценность имеют натуральные материалы в отделке, разумность потребления, наличие \"умной техники\" и минимализм в ее оформлении. Данные тренды максимально плавно переходят в наступивший 2023 год. За собой они несут новизну выбранных цветов, фактуры и эргономичности использования пространства.', 'Mikhail', '2022-12-31 21:00:00', '../../img/709ed78fdbfa5e061b2451409abf3246.jpeg'),
(3, 'Как выбрать микроволновку?', 'Бытовая техника, как видно из ее названия, используется в быту. Ее назначение – облегчить быт, и сделать жизнь комфортной. С помощью бытовой техники облегчаются домашние работы, улучшаются условия труда домашних хозяек. В Арзамасе, как и других городах России, можно найти большой ассортимент бытовой техники – как в обычных магазинах, так и в интернет-магазинах бытовой техники.\r\n\r\nБытовая техника может быть и необходимой и той, без которой можно обойтись. По размеру она подразделяется на малую и крупную, а также характеризуется по своему целевому назначению.\r\n\r\nДействительно, трудно представить себе жизнь современного человека без различной бытовой техники – холодильников, стиральных машин, микроволновых печей, телевизоров и т.д.\r\n\r\nКаждый человек ежедневно сталкивается с различными видами бытовой техники. Разнообразные возможности бытовой техники позволяют человеку выполнять свои функции в различных сферах. Кроме того, это незаменимое средство коммуникации, а также помощник по уходу за внешностью и здоровьем.\r\n\r\nБлагодаря прогрессу и постоянному развитию новых технологий ассортимент в магазинах бытовой техники все больше увеличивается. Новые модели – это воплощение дополнительных функций, которые делают бытовую технику все более удобной и совершенной. Бытовая техника значительно экономит время. Но как сэкономить время при ее выборе? Иногда в магазинах бытовой техники бывает сложно сориентироваться, хождение по огромным торговым залам отнимает много времени и сил. В таком случае для многих реальным выходом становиться покупка в интернет-магазинах бытовой техники. Как правило, они предлагают даже больший ассортимент и удобные условия доставки товара.\r\n\r\nЕще одно направление  в развитии новых моделей бытовой техники – это улучшение технологий энергосбережения. В Европе уже давно привыкли экономить ресурсы, в том числе и с помощью бытовой техники. Потребители в России в последнее время также более внимательно стали относиться к экономии электричества и воды.\r\n\r\nИтак, бытовая техника – привычная и необходимая часть нашей жизни. Современный человек может получить удовольствие как от использования, так и от процесса выбора бытовой техники в обычном магазине или в интернет-магазине бытовой техники.  ', 'George', '2022-02-23 21:00:00', '../../img/08f0f862b94a4f43674aac93f0c0606b67.jpg'),
(12, 'Почему холодильник белый?', 'Преимущественно производители холодильников красят их в белый цвет, и все уже привыкли именно к такому внешнему виду этого бытового прибора – крайне редко встречаются экземпляры других расцветок. При этом мало кто задумывается о том, почему классическим цветом был выбран именно белый? Ответим на этот вопрос в этом материале.\r\n\r\nВ первую очередь белый цвет способствует лучшему функционированию холодильника. Из курса физики школы известно, что повышенной отражающей способностью обладают именно светлые тона, а в наибольшей степени – белый. Чёрный же наоборот постоянно притягивает тепловую энергию, и поэтому холодильник будет чрезмерно греться. Поэтому покраска этого бытового прибора в тёмный оттенок будет совершенно неверным решением.\r\n\r\nТакже белый цвет является оптимальным для успешного включения холодильника практически в любой интерьер. Внешний вид холодильника получается нейтральным, он не перетягивает на себя внимание – к тому же зачастую комплекты мебели фабричного производства имеют схожую цветовую гамму. В результате меблировка гармонично сочетается с бытовой техникой.\r\n\r\nТакже отметим, что белый цвет помогает всегда поддерживать холодильник в чистоте. Дело в том, что это устройство находится на кухне и постоянно подвергается загрязнениям. Появление новых пятнышек легче всего заметить на белой поверхности, поэтому вы сможете всегда содержать кухонное пространство в абсолютной чистоте, как и полагается по требованиям гигиены.\r\n\r\nТакже покраска в белый цвет делает производство холодильников менее затратным, и это положительно сказывается на их стоимости. Дело в том, что корпусы холодильников производятся преимущественно из пластмассы. И если бы стояла задача покрасить пластик в яркий цвет, то предварительно его всё равно пришлось бы окрашивать в белый, и только после этого в требуемый оттенок. Если же сразу получен белый цвет, то не приходится тратить время на вторую покраску. Это также несколько снижает стоимость холодильника.\r\n\r\nВ завершение отметим, что именно такая расцветка исключает какое-либо тепловое воздействие на холодильник снаружи. Ведь, по сути, этот прибор является большим термосом, только с обратной функцией – холод изнутри не должен просачиваться сквозь оболочку, уплотнители устройства. И белый цвет способствует благодаря своим теплоотталкивающим свойствам оптимальную герметичность. Поэтому, если вы планируете покупку холодильника и выбираете новый прибор, делайте упор именно на светлые модели, а лучше всего – белые.', 'Администратор', '2023-06-13 07:27:15', '../../img/Snimok-ekrana-2023-06-13-103339.png'),
(13, 'Российские и китайские бренды бытовой техники хотят купить заводы LG, Bosch и Samsung в России', 'По данным издания «Коммерсантъ», производители бытовой техники из России и Китая интересуются покупкой предприятий брендов ушедших из страны. В частности, такую сделку рассматривает китайский Hisense, владеющий брендами Toshiba и Gorenje, а также российские Kuppersberg и Schaub Lorenz, производящие бытовую технику в разных странах на контрактной основе.\r\n\r\nИнтерес российских производителей к мощностям LG, Samsung и Bosch подтвердил коммерческий директор Holodilnik.ru Алексей Погудалов.', 'Администратор', '2023-06-13 07:30:09', '../../img/mwmYXvTvNFg.jpg');

-- --------------------------------------------------------

--
-- Структура таблицы `products`
--

CREATE TABLE `products` (
  `id` int(11) NOT NULL,
  `name` varchar(255) COLLATE utf8mb4_unicode_ci NOT NULL,
  `category` varchar(255) COLLATE utf8mb4_unicode_ci NOT NULL,
  `descr` varchar(10000) COLLATE utf8mb4_unicode_ci NOT NULL,
  `price` varchar(255) COLLATE utf8mb4_unicode_ci NOT NULL,
  `img` varchar(255) COLLATE utf8mb4_unicode_ci NOT NULL DEFAULT '../../img/',
  `brand` varchar(255) COLLATE utf8mb4_unicode_ci NOT NULL,
  `q` int(255) NOT NULL DEFAULT '1'
) ENGINE=InnoDB DEFAULT CHARSET=utf8mb4 COLLATE=utf8mb4_unicode_ci;

--
-- Дамп данных таблицы `products`
--

INSERT INTO `products` (`id`, `name`, `category`, `descr`, `price`, `img`, `brand`, `q`) VALUES
(1, 'Стиральная машина LG F4V5TS0W', 'Стиральные машины', 'Стиральная машина LG F4V5TS0W с системой искусственного интеллекта AI DD адаптирует продолжительность стирки, температуру и интенсивность вращения барабана под выбранный тип ткани для качественного устранения загрязнений одновременно с бережным воздействием.\r\n\r\n<strong class=\"font-bold text-xl\">Особенности LG F4V5TS0W</strong>\r\n\r\n<strong class=\"font-bold text-lg\">Что такое AI DD?</strong>\r\nИнтеллектуальная система определения типа ткани AI DD способна распознавать не только вес, но и характеристики ткани, такие как плотность и мягкость, с точностью подбирая оптимальный алгоритм стирки.\r\n\r\n<strong class=\"font-bold text-lg\">6 движений заботы</strong>\r\nВ отличие от обычных стиральных машин, барабан LG обладает широким набором вариантов вращения, максимально адаптированных к различным типам ткани степени загрязнения белья.\r\n\r\n<strong class=\"font-bold text-lg\">Система прямого привода</strong>\r\nМотор крепится напрямую к барабану, таким образом система прямого привода не имеет в своей конструкции легко изнашивающихся деталей, что обеспечивает высокую надежность и долговечность работы мотора.\r\n\r\n<strong class=\"font-bold text-lg\">Функция мобильной диагностики</strong>\r\nФункция мобильной диагностики SmartDiagnosis позволяет сократить время и сэкономить деньги в случае возникновения неполадок. Вы можете передать данные для определения проблемы в центр технической поддержки посредством телефона.\r\n\r\n<strong class=\"font-bold text-lg\">Система бесконтактной  коммуникации LG ThinQ</strong>\r\nСтиральная машина LG AI DD оснащена технологией LG ThinQ. Вы можете управлять стиральной машиной с помощью смартфона, загружать специальные циклы стирки и отслеживать расход воды и электричества.\r\n\r\n<strong class=\"font-bold text-lg\">Минимальный уровень шума</strong>\r\nСистема прямого привода не имеет в своей конструкции щеток и ремня, поэтому в процессе работы создает гораздо меньше шума. Поскольку ось вращения двигателя и барабана совпадает, уровень вибрации снижается до минимума\r\n\r\n<strong class=\"font-bold text-lg\">Современный и практичный</strong>\r\nПереключатель с металлической отделкой стал более эргономичным, а символы на дисплее крупнее.\r\n\r\n<strong class=\"font-bold text-lg\">Увеличенная прочность</strong>\r\nЭлегантная дверь из закаленного стекла устойчива к царапинам, сколам и высоким температурам. Ребра барабана выполнены из нержавеющей стали, обладающей антибактериальными свойствами.\r\n\r\n<strong class=\"font-bold text-lg\">Больше загрузка, тот же размер</strong>\r\nУлучшенная система амортизаторов снижает уровень вибраций во время стирки. Это позволяет увеличить объем барабана, не увеличивая размеры корпуса стиральной машины\r\n\r\n<strong class=\"font-bold text-lg\">Удаление до 99,9% аллергенов</strong>\r\nОбработка паром сокращает на 99,9% количество бытовых аллергенов.', '60000', '../../img/1.jpg', 'LG', 1),
(2, 'Холодильник с морозильником LG GA-B419SLGL серый', 'Холодильники', 'LG GA-B419SLGL - холодильник с технологией LG Total No Frost больше не требуют разморозки морозильной камеры, благодаря принудительному обдуву холодным воздухом. Система многопоточного охлаждения Multi Air Flow равномерно распределяет холодный воздух для того, чтобы продукты оставались свежими дольше даже на верхних полках холодильника. Быстрая заморозка не повреждает структуру продуктов, сохраняет их вкус, цвет и питательные свойства. При быстрой заморозке кристаллы льда в тканях образуются быстрее, равномернее и мельче по размеру. Эта функция особенно полезна для лучшего сохранения домашних заготовок.', '49999 ', '../../img/2.webp', 'LG', 1),
(3, 'Микроволновая печь LG MS2042DY белый', 'Кухня', 'Специальное легкоочищаемое покрытие LG EasyClean устойчиво к механическим повреждениям и впитыванию жира, благодаря\r\nчему частички пищи не прилипают к стенкам печи и легко очищаются. Благодаря технологии i-Wave, микроволны в печи распространяются равномерно, обеспечивая глубокое проникновение тепла как по центру, так и по краям блюд.\r\nОсобая конструкция внутренней стенки помогает волнам распространяться по всему объему камеры, что обеспечивает более равномерное приготовление. 32 уникальные программы, позволяющие без усилий приготовить блюда по традиционным рецептам\r\nфранцузской, итальянской, восточной и русской кухни. Достаточно лишь заложить необходимые продукты в камеру и выбрать подходящее меню, а печь сама установит оптимальный режим приготовления блюда.', '10000', '../../img/3.webp', 'LG', 1),
(4, 'Микроволновая печь LG MW23D35GIH белый', 'Кухня', 'Микроволновая печь LG MW23D35GIH имеет объем, равный 23 л. Особенностью печи является инверторная технология, благодаря которой разогрев осуществляется равномерно. При изготовлении внутреннего покрытия камеры модели была использована эмаль легкой очистки: уход за печью не доставит вам неудобств. Функциональность печи расширена за счет наличия 28 программ приготовления. Есть функции автоматической разморозки и автоматического разогрева. Имеется дисплей с функцией часов. Вы по достоинству оцените удобство функции быстрого старта.\r\nМикроволновая печь LG MW23D35GIH управляется с помощью сенсорной панели управления. Используется светодиодное освещение внутреннего пространства печи, которое отличается высоким уровнем яркости и пониженным потреблением энергии. Безопасности эксплуатации устройства способствует наличие блокировки от детей.\r\nКорпус печи окрашен в белый цвет, который подойдет к любому интерьеру. Габаритные размеры устройства – 476x272x346 мм. Благодаря невысокому максимальному уровню энергопотребления (он равен 1150 Вт) печь не создаст излишней нагрузки на электрическую сеть.', '11499', '../../img/4.webp', 'LG', 1),
(5, 'Электрический духовой шкаф LG LB645059T2 серебристый', 'Кухня', 'Электрический духовой шкаф LG LB645059T2 отличается значительной емкостью: она равна 67 л. Управлять шкафом легко: модель оборудована сенсорной панелью управления и утапливаемыми переключателями. Преимуществом модели является значительное количество режимов работы, равное 11. В наличии гриль, конвекция и программа размораживания. Мощность гриля составляет 1600 Вт: его возможностей хватит для приготовления блюд любого уровня сложности. Безопасность эксплуатации шкафа на высоте: в наличии функции защиты от детей и защитного отключения.\r\nЭлектрический духовой шкаф LG LB645059T2 оборудован телескопическими направляющими, с помощью которых можно с легкостью выдвигать противни, заполненные любым количеством продуктов. Для размещения противней и решетки используются 4 уровня. Дверца духовки имеет откидную конструкцию. Подсветка камеры позволит полностью контролировать процесс приготовления.\r\nВ комплект поставки шкафа входят глубокий противень, противень для выпечки, решетка и руководство по эксплуатации. Габаритные размеры корпуса кухонного прибора составляют 59.3x59.5x57.3 см. Масса шкафа – 34 кг.', '32000', '../../img/5.webp', 'LG', 1),
(6, '32\" (80 см) Телевизор LED Samsung UE32N4000AUXRU черный', 'Телевизоры', '32\" (80 см) Телевизор LED Samsung UE32N4000Aв черном корпусе имеет яркий, контрастный экран с тонкими рамками и разрешением HD (1366x768 пикселей). Благодаря цифровым тюнерам DVB-T2, DVB-C и DVB-S2 устройство обрабатывает разные типы цифрового телевизионного сигнала без помощи внешних приставок. Получить больше впечатлений от просмотра фильмов с обилием звуковых эффектов позволит качественная акустическая система телевизора, имеющая мощность 10 Вт.\r\nLED-телевизор Samsung UE32N4000A с подсветкой экрана по технологии Edge LED комплектуется настольной подставкой, допуская также монтаж на стенном кронштейне с креплением VESA. Он поддерживает воспроизведение мультимедийного контента со съемных накопителей, для подключения которых предусмотрен порт USB. 2 HDMI-порта обеспечат взаимодействие ТВ с компьютерами, ноутбуками, игровыми приставками.', '14299', '../../img/6.webp', 'LG', 1),
(7, '\"50\" (125 см) Телевизор LED Samsung UE50AU7560UXRU серый', 'Телевизоры', 'Телевизор LED Samsung UE50AU7560UXRU сочетает в себе технологичность премиального уровня и особенности многофункционального развлекательного центра. В основе экрана содержится панель диагональю 50 дюйма с разрешением стандарта UltraHD и поддержкой технологии расширенного динамического диапазона цветовой палитры HDR, благодаря которой с любого положения отображается детализированная реалистичная картинка. Акустическая система мощностью 20 Вт отвечает за воспроизведение четкого звука с объемным эффектом.\r\nИнтегрированная платформа Smart TV, работающая под управлением операционной системы Tizen с простым интерфейсом, предоставляет широкие возможности для запуска различного контента. В данной модели реализованы востребованные проводные и беспроводные коммуникации. Дополнительно отмечаются цифровой тюнер и мультимедийный проигрыватель с устройств USB. Выполненный в тонком корпусе с узкой рамкой, телевизор Samsung UE50AU7560UXRU будет элегантно смотреться в любом интерьере.', '35000', '../../img/7.webp', 'Samsung', 1),
(8, 'Микроволновая печь Samsung ME81KRW-1/BW белый, черный', 'Кухня', 'Компактная и стильная микроволновая печь Samsung ME81KRW-1 чрезвычайно долговечна. Микроволновая печь Samsung ME81KRW-1 прослужит вам не один десяток лет!\r\nПервое, что стоит отметить в модели ME81KRW-1, – это система равномерного распределения микроволн, которая позволяет готовить пищу равномерно. Биокерамическое покрытие 23-литровой внутренней камеры антибактериально, также оно не царапается. Мощность микроволнового излучения у Samsung ME81KRW-1 составляет 800 Вт – хороший результат, если учитывать систему равномерного распределения и объем печи.\r\nДва поворотных регулятора делают ее простой в эксплуатации. Тем не менее, несмотря на свою внешнюю простоту, микроволновая печь Samsung ME81KRW-1 имеет 6 уровней мощности, и, как дополнение, режим размораживания продуктов. Максимальное время таймера 35 минут, чего достаточно для создания прекрасных блюд.', '9000', '../../img/8.webp', 'Samsung', 1),
(9, 'Холодильник с морозильником Samsung RB30A32N0WW/WT белый', 'Холодильники', 'Холодильник с морозильником Samsung RB30A32N0WW/WT представляет собой очень удобный аппарат, выполненный в белом корпусе размерами 59.5x178x67.5 см. Благодаря использованию технологии Space Max толщина его стенок уменьшена, поскольку применена хорошая теплоизоляция. Металлическое внешнее покрытие будет служить дольше, ведь оно меньше подвергается царапинам, а значит, холодильник будет сохранять свою привлекательность долгое время.\r\nОбщий объем двух камер Samsung RB30A32N0WW/WT соответствует 311 л. Из этого холодильное отделение занимает 213 л, а морозильная камера – 98 л. В обоих отделениях используется система No Frost, которая избавляет от необходимости размораживать их вручную. Благодаря металлической пластине, расположенной задней стенке, на каждом из уровней будет сохраняться одинаковая температура. Нижняя часть холодильного отделения содержит вместительный ящик, в котором сохраняются оптимальные параметры температуры и влажности для хранения мяса и рыбы. Для удобства отслеживания состояния камер холодильника на его верхнюю дверцу вынесен электронный дисплей.', '50000', '../../img/9.webp', 'Samsung', 1),
(10, '65\" (165 см) Телевизор LED Daewoo 65DM54UA черный', 'Телевизоры', 'Телевизор LED Daewoo 65DM54UA с 65-дюймовым экраном обладает эффектным 4K-разрешением. Смотрите фильмы в высоком качестве, наслаждаясь реалистичной передачей цвета и детальностью. Динамики на 24 Вт дополнены системой объемного звучания, а разные режимы и эквалайзер позволяют выбрать оптимальные настройки для просмотра спортивных передач, фильмов и т. д.\r\nDaewoo 65DM54UA поддерживает управление с мобильного приложения. Вы можете управлять цифровым эфиром и записывать видео, транслировать контент со смартфона и активировать игровой режим для использования ТВ в качестве монитора от компьютера. 3 порта HDMI позволяют подключить любимые приставки, управляя всей техникой с одного пульта.', '38000', '../../img/10.webp', 'Daewoo', 1),
(11, 'Кофемашина LG VeroCup 300 TIS30321RW, серебристый', 'Кофемашины', 'Кофемашина LG VeroCup 300 TIS30321RW создана для тех, кто являясь поклонником бодрящего напитка, не желает утруждать себя изучением тонкостей его приготовления. \r\nЗдесь все делается автоматически. \r\nОт пользователя требуется только задать нужную крепость, залить воду, молоко, засыпать обжаренные зерна и выбрать, что именно нужно приготовить: эспрессо, латте, капучино или кафе крема. \r\nLG VeroCup 300 TIS30321RW сделает все остальное самостоятельно. \r\nБлагодаря давлению в 15 бар ей удается извлечь из смолотых ей же зерен весь вкус и аромат, причем за считанные секунды. \r\nРазливать напиток получится в одну или две чашки одновременно.\r\nДля сбора капель и отходов есть съемные контейнеры. \r\nЧтобы система работала как часы, периодически нужно задействовать функцию самоочистки.', '45999', '../../img/orig.png', 'LG', 1),
(12, 'Электрочайник Samsung Galaxy GL 0225 белый', 'Электрочайники', 'Электрочайнику Samsung Galaxy LINE GL0225 потребуются считанные минуты, чтобы подгореть воду из основного 1.7-литрового резервуара до максимальной температуры в 100 градусов – а все благодаря тому, что его мощность предусмотрительно повышена до 2200 Вт. На стенки домашнего помощника нанесена мерная шкала, которая придется как нельзя кстати для визуального контроля содержимого.\r\nКорпус электрочайника Galaxy LINE GL0225 выполнен на основе белоснежного пластика, который с поразительной легкостью очищается от любых накопившихся загрязнений. Откидная крышка значительно упрощает доступ к емкости прибора. Защитная технология осуществляет блокировку его работы при отсутствии воды в резервуаре. После того как верный ассистент завершит процесс кипячения жидкости, сработает функция автоматического отключения.', '3000', '../../img/Snimok-ekrana-2023-06-12-234652.png', 'Samsung', 1),
(13, 'Электрочайник Galaxy GL 0560 белый', 'Электрочайники', 'Чайник электрический Samsung GALAXY LINE GL0560 имеет элегантный дизайн, корпус из термостойкого стекла и светодиодную подсветку. Стекло является химически нейтральным материалом, поэтому чайник не меняет вкус и запах воды, экологически безопасен. Скрытый нагревательный элемент и высококачественный контроллер обеспечивают долгий срок службы чайника. Термостойкое закаленное стекло устойчиво к трещинам и сколам. Оптимальный объем 1,7 литра в сочетании с высокой мощностью 2200 Вт обеспечивает быстрое закипание воды. Шкала уровня воды позволяет отмерять необходимое количество жидкости. Автоотключение при закипании и отсутствии воды обеспечивает дополнительную безопасность и долгий срок службы прибора. Светодиодная подсветка создает неповторимый уют на кухне в темное время суток.', '2500', '../../img/Snimok-ekrana-2023-06-12-234944.png', 'Samsung', 1),
(14, 'Daewoo Deerma DEM-SH50W серебристый', 'Электрочайники', 'Deerma DEM-SH50W представляет собой электрочайник с металлическим ситечком для заварки чая объемом 1.7 литра. Модель оснащена функцией выбора температуры в диапазоне от 40°С до 100°С, а также – поддержанием тепла до 120 минут. На ручке модели располагается светодиодный дисплей, отображающий текущую температуру, а также управляющие кнопки. Внутренняя конструкция с металлическим ситечком позволит заваривать чай без дополнительных приспособлений.', '2399', '../../img/Snimok-ekrana-2023-06-12-235500.png', 'Daewoo', 1),
(15, 'Электрочайник Daewoo HARPER HWK-GM03 серебристый', 'Электрочайники', 'Электрочайник Daewoo HARPER HWK-GM03 выполнен в серебристом корпусе со скрытым элементом нагрева. Обладая мощностью 2200 Вт, прибор быстро нагревает воду в резервуаре объемом 1.7 л. Этого объема воды хватает для того, чтобы заварить чай или кофе для всей семьи. Чайник содержит контроллер для защиты от включения без воды, который также прекращает подачу электричества на чайник при его снятии с подставки. Он автоматически отключается, как только вода в резервуаре закипает.\r\nКорпус HARPER HWK-GM03 выполнен из термостойкого стекла. С двух сторон на него нанесена шкала уровня воды, что позволяет ориентироваться в количестве воды в чайнике. Индикацией работы устройства служит синяя подсветка. Она красиво подсвечивает прозрачный резервуар прибора, позволяя ему эффектно выглядеть. Для защиты от накипи в носике используется нейлоновый фильтр. Благодаря широкому горлышку и откидной крышке вы сможете легко наполнять резервуар.', '1599', '../../img/Snimok-ekrana-2023-06-12-235754.png', 'Daewoo', 1),
(16, 'Электрочайник LG Delta DL-1033 серебристый', 'Электрочайники', 'Электрочайник LG Delta DL-1033 объемом 2 л обладает скрытым нагревательным элементом, который значительно упрощает процесс последующего ухода за прибором. Корпус выполнен из нержавеющей стали – материала, который поддерживает высокую температуру жидкости на протяжении длительного времени. В носике устройства предусмотрен незаменимый фильтр, препятствующий попаданию загрязнений и частиц накипи в чашку с водой.\r\nЕще один плюс модели Delta DL-1033 – высокая мощность работы, составляющая 2000 Вт. Таким образом, даже максимальный объем жидкости этот чайник вскипятит за считанные минуты. Защитная технология препятствует его включению при отсутствии воды в основном резервуаре. Функция автоматического отключения сработает сразу, как только прибор выполнит поставленную задачу. Дополнительным плюсом станет наличие отсека для сетевого шнура.', '800', '../../img/Snimok-ekrana-2023-06-13-000147.png', 'LG', 1),
(17, 'Часы Daewoo RC-270', 'Часы', 'Часы радиобудильник Daewoo RC-270 с цифровым тюнером разработаны для демонстрации времени. Для этого они используют большой экран с крупными цифрами, что позволяет увидеть актуальное время даже с большого расстояния. Прибор будет незаменим для тех, кто привык рано пробуждаться по звонку будильника: вы сможете настроить сигнал будильника, и часы вас не подведут. Особенность радиобудильника в том, что он запускает трансляцию радиоволны, служащую в качестве звукового сигнала. Это позволяет просыпаться с любимой радиостанцией. Можно задать и другой сигнал будильника − зуммер.\r\nDaewoo RC-270 питание получает от сети, но и поддерживает резервное питание при наличии батареек. Это позволяет переключиться на источники питания, когда возникнут сбои в подаче электроэнергии. Это исключает сбой времени, поэтому вы точно не проспите утром. Часы обладают возможностью установки 2 независимых будильников и поддерживают таймер отключения радио. Конструкция часов предусматривает два встроенных USB-порта.', '700', '../../img/Snimok-ekrana-2023-06-13-000504.png', 'Daewoo', 1),
(18, 'Кофемашина Daewoo Magnifica S ECAM 22.115, черный', 'Кофемашины', 'Кофемашина Daewoo Magnifica S ECAM 22.115, черный\r\n\r\n<strong class=\"font-bold text-lg\">Тип</strong>: эспрессо; \r\n\r\n<strong class=\"font-bold text-lg\">Мощность</strong>: 1450 Вт;\r\n\r\n<strong class=\"font-bold text-lg\">Тип используемого кофе</strong>: зерновой, молотый;\r\n\r\n<strong class=\"font-bold text-lg\">Объём</strong>: 1.8 л; \r\n\r\n<strong class=\"font-bold text-lg\">Давление</strong>: 15 бар; \r\n\r\n<strong class=\"font-bold text-lg\">Встроенная кофемолка</strong>: есть; \r\n\r\n<strong class=\"font-bold text-lg\">Контроль крепости кофе</strong>: да; \r\n\r\n<strong class=\"font-bold text-lg\">Фильтр</strong>: постоянный;\r\n \r\n<strong class=\"font-bold text-lg\">Капучинатор</strong>: да; \r\n\r\n<strong class=\"font-bold text-lg\">Приготовление капучино</strong>: ручное; \r\n\r\n<strong class=\"font-bold text-lg\">Цвет корпуса</strong>: черный; \r\n\r\n<strong class=\"font-bold text-lg\">Материал корпуса</strong>: пластик; \r\n\r\n<strong class=\"font-bold text-lg\">Особенности</strong>: капучинатор, автоотключение, дисплей; \r\n\r\n<strong class=\"font-bold text-lg\">Описание</strong>: \r\nБезупречный кофе требует высокого мастерства. Однако вам не придётся долго учиться искусству приготовления бодрящего напитка, если на вашей кухне есть кофемашина Daewoo ECAM 22.115 В. Она позволяет добиться ни с чем несравнимого вкуса и аромата напитка при минимуме затрачиваемых усилий. \r\nУправление устройством интуитивно понятное и простое. \r\nДля варки можно использовать любой кофе — и зерновой, и молотый. \r\nМногоступенчатая регулировка позволяет выбрать крепость с максимальной точностью. Эспрессо, капучино или латте — вы каждый день можете экспериментировать и баловать себя и близких вкусными напитками. \r\nПри этом в приборе предусмотрена возможность приготовления сразу двух порций. \r\nОбъём задаётся клавишами на панели управления. \r\nРезервуар объёмом 1.8 л удобно извлекать и наполнять водой; \r\n\r\n<strong class=\"font-bold text-lg\">Питание</strong>: от электросети; \r\n\r\n <strong class=\"font-bold text-lg\">Размеры</strong>: 24x35x43 см;\r\n\r\n<strong class=\"font-bold text-lg\">Вес</strong>: 9', '34999', '../../img/new.png', 'Daewoo', 1),
(19, 'Часы Daewoo Harper HCLK-2044', 'Часы', 'Часы радиобудильник Daewoo Harper HCLK-2044 используют монохромный дисплей, посредством которого происходит отображение информации в цифровом формате. Зеленая подсветка светодиодного дисплея позволяет отчетливо видеть цифры и в полумраке. Часы интересны поддержкой функций радиоприемника AM и FM диапазонов, что предоставляет широкий спектр выбора радиоканалов.\r\nHarper HCLK-2044 – модель, которая используется в качестве будильника. Сигналом для него вы можете выбрать наиболее комфортный для вашего восприятия радиоэфир. С этой моделью вы сможете просыпаться вместе с любимой программой, яркими и задорными радиоведущими. Утро теперь будет по-настоящему добрым.\r\nОсновное питание Harper HCLK-2044 получает от сети, однако, вы будете разбужены даже при отключении электричества ввиду поддержки резервного питания от батареек. Часы поддерживают установку двух независимых будильника, что позволит осуществлять разовую настройку. Встроенный таймер включит радио автоматически.', '599', '../../img/Snimok-ekrana-2023-06-13-000745.png', 'Daewoo', 1),
(20, 'Daewoo RC-260', 'Часы', 'В компактных часах радиобудильнике Daewoo RC-260 умело сочетается функционал будильника, радиоприемника, портативной аудиосистемы и беспроводного зарядного устройства для смартфона. Модель оснащена встроенным аккумулятором с емкостью 2000 мА*ч, что обеспечивает свободу ее размещения: вы сможете расположить прибор в любом удобном месте независимо от расстояния до ближайшей розетки. Полного заряда АКБ хватит на несколько дней непрерывного функционирования устройства в режиме часов. В режиме прослушивания музыки оно способно проработать несколько часов на одном заряде аккумулятора.\r\nВ конструкции модели Daewoo RC-260 присутствуют аудиоразъем AUX и слот для карт памяти microSD, благодаря которым вы сможете прослушивать музыку, записанную на внешние носители или хранящуюся на других устройствах. Также предусмотрена возможность беспроводной передачи данных благодаря поддержке технологии Bluetooth. Модель можно использовать для подзарядки смартфона: достаточно разместить его на верхней панели часов для начала зарядки его аккумулятора. Для мобильных устройств, не поддерживающих технологию беспроводной зарядки, имеется USB-порт, через который можно пополнить заряд АКБ. Для беспроводной и проводной зарядки смартфона от часов необходимо подключить их к электросети.', '499', '../../img/Snimok-ekrana-2023-06-13-001308.png', 'Daewoo', 1),
(21, 'Кофемашина Samsung PACM 2041SW, черный', 'Кофемашины', 'Благодаря помпе корейского производства с давлением 20 бар, кофемашина варит насыщенный эспрессо с превосходной кофейной пенкой. \r\nСенсорное управление позволит приготовить любимый напиток всего одним касанием. \r\nС помощью традиционного капучинатора Вы можете приготовить пышную молочную пену. Кофемашина оснащена функцией индивидуальной настройки напитков и платформой для подогрева чашек.', '36120', '../../img/new1.png', 'Samsung', 1),
(22, 'Кофемашина для дома и офиса / кофеварка капельная автоматическая / встроенная кофемолка', 'Кофемашины', 'Кофемашина автоматическая со встроенной кофемолкой. \r\nЭто устройство позволит вам приготовить натуральный качественный кофе у себя дома, в офисе, в кафе и насладиться этим восхитительным напитком. \r\nВеликолепный вкус приготовленного кофе удивит даже самых изысканных гурманов. \r\nКофеварка на 2 чашки обладает не только красивым дизайном и качественной сборкой, она способна удовлетворить вкус любого гурмана. \r\nПриготовьте себе капучино или латте, сделайте кофе американо или эспрессо. \r\nКофемашина капельная профессиональная имеет простое и интуитивное управление, многоразовые фильтры для кофе. \r\nДанная модель оснащена капучинатором и предусмотрены два режима приготовления: на 1 и 2 чашки. \r\nТак же присутствует функция подогрева. \r\nЭта кофемашина автоматическая станет незаменимым помощником на любой кухне.', '14899', '../../img/new2.png', 'LG', 1),
(23, 'LG CL-82WW', 'Часы', 'Настольные электронные часы LG CL-82WW с бело-голубой индикацией и бесшумным механизмом управляются с помощью сенсорных кнопок. Помимо времени, отображающемся в двух режимах (24 или 12 часов), на экран выводятся день недели, температура (по шкале Цельсия или Фаренгейта) и влажность воздуха. Пять вариантов подсветки экрана регулируются автоматически или вручную.\r\n\r\nЧасы обладают встроенной памятью, сохраняющей настройки при отключении питания. Высота цифр 38 мм. Работает устройство от аккумулятора (не менее месяца без подзарядки), от сети или от USB (шнур поставляется в комплекте). С помощью двух будильников и восемнадцати вариантов мелодий можно отрегулировать режим в будние дни и в выходные. Корпус размерами 16,8 х 6,6 х 3,6 см выполнен из пластика. Срок службы механизма — 25000 часов.', '2999', '../../img/Snimok-ekrana-2023-06-13-002144.png', 'LG', 1),
(24, 'Кофемашина рожковая Daewoo EC 685, металл', 'Кофемашины', 'Кофеварка рожкового типа Daewoo EC685. M выполнена в стильном металлическом корпусе. Это элегантная и удобная в использовании модель, которая украсит кухню и каждый день будет радовать крепким бодрящим эспрессо и молочными напитками на его основе. \r\nЗа вспенивание молока отвечает ручной капучинатор, в комплект входит насадка-панарелло.\r\nПрибор работает с молотым кофе, для его отмеривания прилагается ложка с темпером. \r\nОн поможет плотно спрессовать таблетку. \r\nУправление механическое: установка режима (одинарный, двойной эспрессо или пар) производится при помощи кнопок, удобно расположенных на верхней панели. \r\nЕсть возможность выбрать температуру напитка (три варианта), задать жесткость воды, а также время, через которое прибор автоматически выключится: 9 минут, 30 минут или 3 часа.\r\nОбъем резервуара для воды составляет 1,1 л – хватит сразу на несколько завариваний подряд. Подставка под чашки двойная. \r\nЭто позволяет использовать как миниатюрные чашечки-эспрессо, так и высокие бокалы для латте. Для их подогрева есть специальная панель – напитки дольше останутся горячими. Капли собираются в поддон – столешница будет чистой.\"', '14999', '../../img/orig3.png', 'Daewoo', 1),
(25, 'Samsung КТ-3308', 'Часы', 'Часы Samsung КТ-3308 белого цвета обладают электронной системой управления. Модель поддерживает беспроводную зарядку. Вся необходимая информация выводится на цифровой дисплей арабскими цифрами. Есть функция «Будильник» и регулировка яркости подсветки на трех уровнях.\r\nКорпус изготовлен из пластика, устойчивого к механическим повреждениям и деформациям. В комплекте поставляется блок питания. Питание осуществляется двумя способами: от электросети и от батарейки CR2032. Габариты часов: 90х110х170 мм. Вес — 430 г.', '3599', '../../img/Snimok-ekrana-2023-06-13-002636.png', 'Samsung', 1),
(26, 'Холодильник многодверный LG InstaView GC-Q22FTBKL', 'Холодильники', 'InstaView\r\nТонированная панель на двери становится прозрачной, если дважды постучать по ней. Благодаря этому вам не нужно открывать дверцу дополнительной секции, чтобы заглянуть внутрь. Можно увидеть содержимое, не выпуская при этом холодный воздух.\r\n\r\nМногодверный холодильник LG InstaView GC-Q22FTBKL займёт достойное место на современной кухне. Эта модель подойдёт большой семье и благодаря элегантному лаконичному дизайну хорошо впишется в интерьер.\r\n\r\nDoor-in-Door\r\nВ двери холодильного отделения есть специальный отсек. Он обеспечивает быстрый доступ к любимым продуктам.\r\n\r\nDoorCooling+\r\nТехнология DoorCooling+ обеспечивает дополнительное охлаждение из панели в верхней части корпуса. Оно выполняется на 32% быстрее, чем в моделях без этой системы. За счёт этого на всех полках, в том числе на тех, что установлены в двери, поддерживается постоянная температура.\r\n\r\nСКЛАДНАЯ ПОЛКА\r\nВ основном отделении есть усовершенствованная складная полка. Благодаря двум вариантам складывания она позволяет хранить крупные и габаритные продукты или блюда.\r\n\r\nLG ThinQ\r\nУстановите на смартфон фирменное приложение LG ThinQ. Оно позволяет удалённо регулировать настройки и включать дополнительные функции, а также получать уведомления на мобильный девайс, если вы забыли закрыть дверь холодильника.', '150000', '../../img/Snimok-ekrana-2023-06-13-003723.png', 'LG', 1),
(27, 'Отпариватель Daewoo MC-6897, красный', 'Отпариватели', 'Отпариватель Daewoo MC-6897 позволяет ухаживать за вещами, а также выполнять дезинфекцию различных предметов и поверхностей за счет воздействия мощного потока пара. \r\nДанная модель характеризуется мощностью 1700 Вт и 9 режимами отпаривания. \r\nРезервуар обладает емкостью 1.5 л и позволяет выполнять отпаривание до 60 минут в непрерывном режиме.\r\nDaewoo MC-6897 оборудован телескопической алюминиевой стойкой с регулируемой высотой в пределах 85-159 см, а для удобного перемещения на корпусе предусмотрены колеса. \r\nТехнологии автоматического отключения при отсутствии воды или перегреве гарантируют высокий уровень безопасности. \r\nВ комплекте предусмотрены зажим для брюк и щетка для удаления ворса с одежды. Мощность\r\n1700 Вт\r\nИнтенсивность подачи пара\r\n30 г/мин\r\nРегулятор интенсивности подачи пара\r\nесть\r\nКоличество режимов отпаривания\r\n9\r\nДавление пара\r\n3 Бар\r\nМаксимальная температура нагрева\r\n98 °C\r\nВремя нагрева\r\n50 сек\r\nВремя непрерывной работы\r\n60 мин', '2999', '../../img/ori4g.png', 'Daewoo', 1),
(28, 'LG DoorCooling+ GA-B509SVUM', 'Холодильники', 'DoorCooling+\r\nТехнология DoorCooling+ обеспечивает дополнительное охлаждение из панели в верхней части корпуса. Оно выполняется на 32% быстрее, чем в моделях без этой системы. За счёт этого на всех полках, в том числе на тех, что установлены в двери, поддерживается постоянная температура.\r\n\r\nХолодильник LG DoorCooling+ GA-B509SVUM представляет собой сочетание современных технологий для хранения продуктов и стильного лаконичного дизайна.\r\n\r\nЗОНА СВЕЖЕСТИ FreshBalancer\r\nДля овощей и фруктов предусмотрена отдельная зона FreshBalancer. Оптимальная влажность поддерживается в ней при помощи простого регулятора.\r\n\r\nЗОНА СВЕЖЕСТИ FreshConverter\r\nРазличные продукты хранятся при разных температурных режимах. В зоне FreshConverter вы можете выбрать подходящий вариант: -2℃ – для мяса, 0℃ – для рыбы, 3℃ – для овощей.\r\n\r\nСКЛАДНАЯ ПОЛКА\r\nВ основном отделении есть усовершенствованная складная полка. Благодаря двум вариантам складывания она позволяет хранить крупные и габаритные продукты или блюда.\r\n\r\nLG ThinQ\r\nУстановите на смартфон фирменное приложение LG ThinQ. Оно позволяет удалённо регулировать настройки и включать дополнительные функции, а также получать уведомления на мобильный девайс, если вы забыли закрыть дверь холодильника.\r\n\r\nMetal Fresh\r\nМеталлическая пластина на задней стенке служит дополнительным источником охлаждения, а также подчеркивает элегантный дизайн этой модели.', '69999', '../../img/Snimok-ekrana-2023-06-13-004028.png', 'LG', 1),
(29, 'Холодильник многодверный Samsung RF50K5920S8', 'Холодильники', 'Samsung RF50K5920S8 – вместительный многодверный холодильник. Он чрезвычайно элегантно выглядит и даёт возможность создавать большие запасы продуктов. Инверторный компрессор работает практически бесшумно и поддерживает оптимальный температурный режим, бережно расходуя при этом электроэнергию.\r\n\r\nTotal No Frost\r\nВам не нужно беспокоиться о разморозке, так как по обоим основным отделениям циркулирует охлаждённый воздух, препятствуя образованию наледи на внутренних стенках. Система функционирует в автоматическом режиме.\r\n\r\nЗОНА СВЕЖЕСТИ\r\nОтдельная камера предназначена для хранения только что приобретённых мяса и рыбы, фруктов и овощей. В ней предусмотрен ящик с регулируемой влажностью.\r\n\r\nУДОБНО ПОЛЬЗОВАТЬСЯ\r\nЭлектронная система управления позволяет легко задействовать различные функции, включая режимы суперохлаждения и суперзамораживания. Просмотреть информацию о температуре можно на LED-дисплее. Вы можете распределить продукты по прочным полкам из закалённого стекла и прозрачным пластиковым контейнерам так, как посчитаете нужным, а экономичные светодиоды обеспечат мягкое, приятное для глаз освещение, помогая быстро отыскать то, что вам понадобилось в данный момент.', '99999', '../../img/Snimok-ekrana-2023-06-13-004147.png', 'Samsung', 1),
(30, 'Отпариватель Samsung Odyssey Q-107, оранжевый', 'Отпариватели', 'Привести в порядок легкое шифоновое платье, отпарить костюм, навести стрелки на брюках, все эти функции может выполнять всего одно устройство-отпариватель SAMSUNG ODYSSEY Q-107. \r\nODYSSEY Q-107 отлично подходит для ухода за деликатными тканями и вещами сложного кроя. \r\nА благодаря мощному пару вы избавитесь от складок за максимально краткий срок без риска испортить изделие. \r\nПар- это самый бережный, безопасный и эффективный способ очистки, дезинфекции вещей, предметов обихода и различных поверхностей. \r\nМощность 2000 Вт обеспечивает производительность пара 45 г/мин. \r\nОтпариватель SAMSUNG ODYSSEY Q-107 Функциональная модель для повседневного использования и удобного хранения! \r\n\r\nКлючевые особенности: \r\n\r\nЛегкая, компактная модель с маневренными колесиками для свободного перемещения – очень удобна для повседневного использования и хранения! \r\n\r\nИмеет съёмный водяной бак объемом 1.9 л, который позволяет непрерывно работать в течение длительного времени (до 55 минут). \r\n\r\nСуществует возможность регулировки мощности пара, в зависимости от типа ткани и вида загрязнений. \r\n\r\nСветовой индикатор включения Функция автоотключения при перегреве или коротком замыкании', '3299', '../../img/or12i4g.png', 'Samsung', 1),
(31, 'Холодильник многодверный Samsung RF44A5002S9', 'Холодильники', 'Многодверный холодильник Samsung RF44A5002S9, общий объём которого составляет 512 л – хороший выбор для того, кто предпочитает хранить дома солидный запас продуктов.\r\n\r\nСОВРЕМЕННЫЕ РЕШЕНИЯ\r\nВ модели установлен инверторный компрессор. Он поддерживает температурный режим на заданном уровне, работает с низким шумом и экономно расходует электроэнергию. Система Twin Cooling контролирует влажность, не позволяя ей выходить за пределы оптимальных параметров.\r\n\r\nНЕ ТРЕБУЕТ РАЗМОРОЗКИ\r\nТехнология Total No Frost предусмотрена в обоих отделениях. Охлаждённый воздух постоянно циркулирует по ним, и за счёт этого на внутренних поверхностях не образуется ледяная корка.\r\n\r\nМЕСТА ХВАТИТ\r\nТонкие стенки с эффективной термоизоляцией обеспечивают больше пространства по сравнению с холодильниками такого же размера. Полки из прочного и гигиеничного стекла, выдвижной морозильник и ящики для фруктов и овощей позволяет разложить всё, что вы принесли с рынка или из магазина, чтобы потом быстро отыскать понадобившиеся продукты.\r\n\r\nВСЁ ПРОСТО\r\nДля контроля над настройками и дополнительными функциями и режимами предусмотрена электронная система управления. Важная информация сразу же отображается на LED-дисплее.', '123999', '../../img/Snimok-ekrana-2023-06-13-004310.png', 'Samsung', 1),
(32, 'Отпариватель LG ECO-BI2003S, синий', 'Отпариватели', 'Вертикальный отпариватель это новая эра в уходе за одеждой. \r\nПри использовании отпаривателя одежда не лежит на поверхности доски, а висит на плечиках, а подача пара осуществляется под большим, чем в утюгах, давлением, то есть более интенсивно. \r\nС помощью гибкого шланга вы сможете добраться до самого укромного уголка и разгладить самую мелкую складку. \r\nНаш бюджетный отпариватель имеет мощность 2000 Вт, уже через 40 секунд после включения будет готов к работе. 10 режимов отпаривания в зависимости от вида ткани дают возможность отпаривать вещи из различных материалов максимально деликатно. \r\nРезервуар емкостью 1,7 л позволит использовать прибор беспрерывно в течение часа. \r\nВ комплекте 2 насадки, обычная насадка для подачи пара с подошвой из нержавеющей стали и насадка щетка. \r\nДля удобства и безопасности прибор укомплектован складными плечиками для одежды, а также перчаткой на руку. \r\nСъемная телескопическая стойка состоит из 3 звеньев по 40 см и фиксируется в 3 положениях 40 см, 80 см, 120 см.\r\n\r\nХарактеристики:\r\nНепрерывная подача пара, мин: до 60\r\nОбъем резервуара для воды, мл: 1700\r\nМаксимальная мощность, Вт: 2000\r\nЭлектропитание, В, Гц: 220-240, 50\r\nМатериал корпуса: пластик\r\nЦвет: синий\r\nВремя готовности пара, сек: 40\r\nНепрерывная подача пара, мин: до 60\r\nРасход пара, г/мин: до 60\r\nОбъем резервуара для воды, мл: 1700\r\nДлина сетевого шнура, м: 1,8\r\nКоличество режимов отпаривания: 2\r\nЗащита от перегрева: есть\r\n\r\nКомплектация:\r\nОтпариватель, гибкий шланг, телескопическая трубка, насадка для отпаривания, насадка-щетка, перчатка, руководство по эксплуатации, гарантийный талон', '3999', '../../img/12or12i4g.png', 'LG', 1),
(33, 'Отпариватель Samsung Home LO-07, фиолетовый', 'Отпариватели', 'Сохраните время и нервы с отпаривателем Samsung LO-07. \r\nУстройство поможет разгладить пиджаки, платья и рубашки без заломов и лоснящихся пятен. Подберите оптимальный режим работы для шелковых, хлопковых, или льняных тканей благодаря многоступенчатой регулировке интенсивности распыления пара. Максимальная длина телескопической стойки составляет 115 см. Поэтому не заставит труда тщательно отпарить даже брюки или платье, достаточно загрепить изделия на встроенной вешалке. Вертикальная конструкция устройства позволяет быстро начать работу без использования гладильной доски. Оснащён световым индикатором работы. Объём резервура для воды составляет 1 400 мл. Этого достаточно для непрерывной работы в течение 30 минут.\r\n\r\nКомплектация:\r\n* Напольный отпариватель\r\n* Насадка-щётка\r\n* Вешалка с 2 прищепками\r\n* Руководство пользователя\r\n* Гарантийный талон', '2499', '../../img/ori2312g.png', 'Samsung', 1),
(34, 'Ручной отпариватель /Отпариватель для одежды / пароочиститель', 'Отпариватели', 'Паровой отпариватель Samsung AJ-2205 мощностью 1200 Вт предназначен для обрабатывания различных поверхностей и тканей. Небольшой размер и вес парового утюга создают комфортные условия при работе. С помощью пароочистителя вы сможете легко отпарить белье, одежду и мебель. Пар быстро проникает в складки, углы и другие труднодоступные места. Хотите продезинфицировать игрушки или отпарить шторы? С вертикальным портативным отпаривателем это не составит никакого труда. Водяной пар полностью уничтожает бактерии, вирусы, грибковые культуры, плесень и другие болезнетворные микроорганизмы. С отпаривателем любимые вещи всегда будут свежими и выглаженными. Электрический ручной отпариватель - это современный бытовой прибор, существенно облегчающий жизнь всем домашним хозяйкам. Парогенератор через 20 секунд после включения будет готов к работе.', '1499', '../../img/orisdasg3.png', 'Samsung', 1),
(35, 'Samsung HI-601', 'Утюги', 'Утюг Samsung HI-601 в корпусе из ударопрочных поливинилхлорида и пластика оборудован алюминиевой подошвой с антипригарным покрытием. В прибор заложены пять температурных режимов, включая «Эко» и «Турбо», функция отпаривания, в том числе вертикальное с силой парового удара 240 г/мин. При бездействии в течение 8 минут устройство автоматически отключается.\r\nВо время глажки ткань можно увлажнять с помощью распылителя и постоянной подачи пара (до 60 г/мин). Объем резервуара для воды — 200 мл. Потребляемая мощность утюга — 2800 Вт. До нужной температуры он нагревается всего за 1 минуту. В этой модели реализована технология «Капля-стоп» — во время отпаривания на вещах не образуются мокрые пятна.\r\nУтюг оснащен электронной системой управления с цифровым дисплеем. Индикаторы показывают подключение к сети, необходимость долива воды, очистки от накипи, готовность к работе. Прибор укомплектован мерным стаканом. Длина сетевого кабеля — 1,9 м. Размеры утюга — 17х31х12 см, вес — 1,7 кг.', '4399', '../../img/Bez-imeni-1.png', 'Samsung', 1),
(36, 'Стиральная машина LG Steam F2J3HS0W, белый', 'Стиральные машины', 'Современная стиральная машина от торговой марки LG модель F2J3HS0W с фронтальной загрузкой укомплектована барабаном из нержавеющей стали, что предотвращает появление коррозии и продлевает срок службы. Наличие информативной сенсорной панели позволит легко и просто управлять различными программами стирки. Кроме того, вещи из хлопка, деликатных или смешанных тканей сохраняют свою форму, а также насыщенный цвет.\r\nДанная модель имеет инверторный двигатель для устранения шума и вибраций в процессе работы. В качестве дополнительных функций устройство обладает отложенным запуском в автоматическом режиме и блокировкой от внесения коррективов в программу.\r\n\r\nСтиральная машина от LG выдерживает максимальный вес загрузки до 7 килограммов, а также осуществляет отжим с максимальной скоростью до 1200 оборотов в минуту.', '38999', '../../img/orig2 (1).webp', 'LG', 1),
(37, 'Стиральная машина узкая Daewoo WM710T2WU9RU', 'Стиральные машины', 'Страна\r\nТурция\r\nГарантия\r\n1 год\r\nобщие\r\nКласс стирки\r\nA\r\nКласс отжима\r\nC\r\nТип управления\r\nЭлектронный\r\nМатериал бака\r\nПластик\r\nУровень шума при стирке\r\n58 дБ\r\nУровень шума при отжиме\r\n76 дБ\r\nзагрузка\r\nТип загрузки\r\nФронтальная\r\nМаксимальная загрузка\r\n7 кг\r\nМаксимальная загрузка (синтетика)\r\n3.5 кг\r\nМаксимальная загрузка (шерсть)\r\n2.5 кг\r\nДиаметр люка\r\n30 см\r\nОткрытие дверцы люка\r\nНалево\r\nотжим\r\nМаксимальная скорость отжима\r\n1000 об/мин\r\nРегулировка скорости отжима\r\nЕсть\r\nфункции\r\nОтсрочка запуска\r\nЕсть\r\nФункция пара\r\nЕсть\r\nЗвуковой сигнал по окончании стирки\r\nЕсть\r\nпрограммы\r\nХлопок\r\nЕсть\r\nХлопок Эко\r\nЕсть\r\nСинтетика\r\nЕсть\r\nДеликатная стирка\r\nЕсть\r\nРучная стирка\r\nЕсть\r\nШерсть\r\nЕсть\r\nДжинсы\r\nЕсть\r\nПредварительная стирка\r\nЕсть\r\nБыстрая стирка\r\nЕсть\r\nАнтиаллергенная стирка\r\nЕсть\r\nПолоскание + отжим\r\nЕсть\r\nЦветные ткани\r\nЕсть\r\nбарабан\r\nОбъем барабана\r\n45 л\r\nиндикация\r\nДисплей\r\nЕсть\r\nТип дисплея\r\nЦифровой\r\nИндикация хода программы\r\nЕсть\r\nИндикация времени до конца стирки\r\nЕсть\r\nбезопасность\r\nКонтроль пенообразования\r\nЕсть\r\nЗащита от протечек\r\nЕсть\r\nЗащита от детей\r\nЕсть\r\nэнергопотребление\r\nКласс энергопотребления\r\nA\r\nЭнергопотребление за цикл\r\n0.69 кВт*ч\r\nПотребление воды за цикл при стирке\r\n45 л\r\nМаксимальная потребляемая мощность\r\n2100 Вт\r\nгабариты И ВЕС\r\nВысота\r\n84.5 см\r\nШирина\r\n59.7 см\r\nГлубина\r\n49.7 см\r\nВес\r\n56.5 кг\r\nЦвет\r\nБелый\r\nЦвет дверцы люка\r\nБелый', '19820', '../../img/o12312rig.webp', 'Daewoo', 1),
(38, 'Стиральная машина Samsung WW60A4S00VE/LP, белый корпус серебряный люк', 'Стиральные машины', 'Стиральная машина Samsung WW60A4S00 создана для очищения текстильных изделий. Модель функционирует в разных режимах, которые можно выбирать в зависимости от типа ткани и оптимального температурного режима. Для комфортного управления в арсенале есть панель с поворотным регулятором и кнопками. Цифровой дисплей отображает время цикла. Устройство с инверторным мотором характеризуется низким уровнем шума и энергопотребления. Фронтальная дверца обеспечивает комфортную загрузку белья. При необходимости можно активировать отсрочку запуска или функцию дополнительного полоскания. Стиральная машина Samsung WW60A4S00 имеет прочный металлический корпус, который не теряет внешний вид в течение длительного использования. Специальная конструкция барабана обеспечивает бережное удаление загрязнений без повреждения волокон ткани. Функция пара способствует уничтожению бактерий. Для очищения барабана и дверцы без использования специального моющего средства оптимально включать режим Drum Clean. Система смыва стирального порошка исключает скопление остатков средства в специальном лотке.', '21999', '../../img/123orig.webp', 'Samsung', 1),
(39, 'Стиральная машина Samsung WW70J6210DW/LD кл: A фронт. макс: 7кг белый', 'Стиральные машины', 'Ухаживайте за одеждой без лишних затрат. Технология Eco Bubble гарантирует тщательное и при этом бережное отстирывание даже при низких температурах. Стиральный порошок превращается в пузырьки, что позволяет ему быстро проникать в ткань и легко удалять загрязнения. Технология надежно защищает цвет и текстуру ткани и сокращает расход энергии. Вы оцените сниженное энергопотребление, меньший уровень рабочего шума и большой рабочий ресурс. В цифровом инверторном моторе используются мощные магниты, отсутствуют традиционные щетки, благодаря чему обеспечивается бесшумность работы, повышается эффективность стирки и снижается энергопотребление по сравнению с универсальным мотором. Этот электромотор отличается исключительно высокой долговечностью.', '38799', '../../img/21jja88812.png', 'Samsung', 1),
(40, 'Samsung T-KSI02', 'Утюги', 'Утюг Samsung T-KSI02 белого цвета оснащен системой самоочистки от накипи. Емкость резервуара под воду составляет 350 мл. Присутствует встроенный распылитель. Есть функция вертикального отпаривания. Мощность подачи пара регулируется. Также можно воспользоваться опцией парового удара силой 200 г/мин.\r\nУ утюга шесть температурных режимов. Управление механическое, с помощью поворотного переключателя на корпусе. Энергопотребление прибора составляет 2400 Вт. Его корпус сделан из термостойкого пластика. Присутствует индикация включения, готовности к работе, текущего уровня воды. Длина сетевого кабеля утюга составляет 1,8 м.', '1999', '../../img/Bez-imeni-2.png', 'Samsung', 1),
(41, 'LG VT-1246', 'Утюги', 'Утюг LG VT-1246 делает глажку быстрой и эффективной за счёт большой мощности нагревателя и высокой производительности отпаривания. Вместительный резервуар позволяет длительное время обходиться без пополнения запасов воды, а заострённый носик помогает справляться со складками в труднодоступных местах.\r\n\r\nКЕРАМИЧЕСКОЕ ПОКРЫТИЕ\r\nВысокопрочный материал надёжно защищает подошву от царапин и сколов. Благодаря этому она аккуратно скользит по тканям с любой фактурой, сохраняя их неизменный внешний вид.\r\n\r\nДОПОЛНИТЕЛЬНЫЕ ФУНКЦИИ\r\nСистема самоочистки продлевает срок службы утюга за счёт быстрого удаления накипи. Противокапельный клапан перекрывает подачу воды при низкой температуре, исключая её протекание на бельё.\r\n\r\nЭРГОНОМИЧНАЯ КОНСТРУКЦИЯ\r\nПрибор снабжён удобной нескользящей ручкой и широкой подставкой, обеспечивающей его устойчивость в вертикальном положении. Шарнирное крепление предотвращает спутывание кабеля.', '1999', '../../img/Bez-imeni-3.png', 'LG', 1);

-- --------------------------------------------------------

--
-- Структура таблицы `reports`
--

CREATE TABLE `reports` (
  `id` int(11) NOT NULL,
  `name` varchar(255) NOT NULL,
  `phone` varchar(255) NOT NULL,
  `descr` varchar(255) NOT NULL
) ENGINE=MyISAM DEFAULT CHARSET=utf8;

--
-- Дамп данных таблицы `reports`
--

INSERT INTO `reports` (`id`, `name`, `phone`, `descr`) VALUES
(1, 'Тамара', '+79207342294', 'Не понимаю как заказать товар...'),
(3, 'Кирилл', '+79084462543', 'Доставляете ли в Астрахань?');

-- --------------------------------------------------------

--
-- Структура таблицы `users`
--

CREATE TABLE `users` (
  `id` int(11) NOT NULL,
  `name` varchar(255) COLLATE utf8mb4_unicode_ci NOT NULL,
  `email` varchar(255) COLLATE utf8mb4_unicode_ci NOT NULL,
  `password` varchar(255) COLLATE utf8mb4_unicode_ci NOT NULL,
  `img` varchar(255) COLLATE utf8mb4_unicode_ci NOT NULL DEFAULT '../../img/user.png'
) ENGINE=InnoDB DEFAULT CHARSET=utf8mb4 COLLATE=utf8mb4_unicode_ci;

--
-- Дамп данных таблицы `users`
--

INSERT INTO `users` (`id`, `name`, `email`, `password`, `img`) VALUES
(6, 'Misha', 'mail@mail.ru', '123123', '../../img/user.png'),
(7, 'Misha', 'mai1l@mail.ru', '123', '../../img/user.png'),
(8, 'MishaAAAAA', 'georgetimjab@icloud.com', '$2y$10$TYwj04KhlycHAzNYBnLvyeJS5lHEdOcOY6j.RGSlAvrrfUU6s8FHq', '../../img/user.png'),
(9, 'Misha', 'fiv@mail.ru', '$2y$10$6BA6TbOwbaRs81FWOXkjj.qSmlvwK3JpMJ6BLR1uywdsfZwh7lZEK', '../../img/user.png'),
(10, 'Misha', 'ghiv@mail.ru', '$2y$10$B0K5pEaq2liEqO8Xcy2zIO6Eb/B7D1z6T5sGP20qakkFWp7nkhPDi', '../../img/user.png'),
(12, 'NonPhix', 'hfhdvdffvv@gmail.com', '$2y$10$uMQMONuW6tTkfHPGZthV0u2ZR3WTPB0l4IZZ9D/6cGMt4io1fLR6q', '../../img/1684693471.jpg'),
(13, 'Misha', 'kotovaleks909@gmail.com', '$2y$10$7x/ICHTtVYa8eRUYe6zPrOz32w1Nh.VIwFxir726kBKUHXTW/fdya', '../../img/user.png'),
(14, 'Mikhail', 'you@mail.ru', '$2y$10$Ipuo0tALlkcnQXvIxHGAMe34sVmMB6MUPLlBcNxTftRFQeuXpDhxK', '../../img/../../img/../../img/../../img/../../img/../../img/../../img/fyvfyv.png'),
(15, 'Misha', 'babul@mail.ru', '$2y$10$vN05O/DSQbBsMcoZMJ3MgOE/TbJb49dFF2/ENZ8iZ979tG2F8Ur8G', '../../img/user.png'),
(16, 'Misha', 'hfhdvdfvv@gmail.com', '$2y$10$utViBEMV96811Lhy13lS0u2pJCR6f6LBJWUUHk50vsfAkM7pipMGm', '../../img/user.png'),
(18, 'Misha', 'antoniosex2@mail.ru', '$2y$10$TCBhLMq4nTswj5h9oagpfup3pJsbumTz5KV4ExA8rhgoWEJsKq1Em', '../../img/user.png');

-- --------------------------------------------------------

--
-- Структура таблицы `wishlist`
--

CREATE TABLE `wishlist` (
  `id` int(11) NOT NULL,
  `name` varchar(255) NOT NULL,
  `category` varchar(255) NOT NULL,
  `price` int(11) NOT NULL,
  `img` varchar(255) NOT NULL,
  `email` varchar(255) DEFAULT NULL
) ENGINE=MyISAM DEFAULT CHARSET=utf8;

--
-- Дамп данных таблицы `wishlist`
--

INSERT INTO `wishlist` (`id`, `name`, `category`, `price`, `img`, `email`) VALUES
(9, 'Холодильник с морозильником Samsung RB30A32N0WW/WT белый', 'Холодильники', 50000, '../../img/9.webp', 'you@mail.ru'),
(6, '32\" (80 см) Телевизор LED Samsung UE32N4000AUXRU черный', 'Телевизоры', 14299, '../../img/6.webp', 'you@mail.ru'),
(2, 'Сковородка', 'Кухня', 500, '../../img/1002611426_1.jpg', ''),
(2, 'Сковородка', 'Кухня', 500, '../../img/1002611426_1.jpg', ''),
(1, 'Чайник', 'Чайники', 2550, '../../img/ch.webp', ''),
(1, 'Стиральная машина LG F4V5TS0W', 'Стиральные машины', 60000, '../../img/1.jpg', 'you@mail.ru');

--
-- Индексы сохранённых таблиц
--

--
-- Индексы таблицы `admins`
--
ALTER TABLE `admins`
  ADD PRIMARY KEY (`id`);

--
-- Индексы таблицы `categories`
--
ALTER TABLE `categories`
  ADD UNIQUE KEY `category` (`category`);

--
-- Индексы таблицы `news`
--
ALTER TABLE `news`
  ADD PRIMARY KEY (`id`);

--
-- Индексы таблицы `products`
--
ALTER TABLE `products`
  ADD PRIMARY KEY (`id`);

--
-- Индексы таблицы `reports`
--
ALTER TABLE `reports`
  ADD PRIMARY KEY (`id`);

--
-- Индексы таблицы `users`
--
ALTER TABLE `users`
  ADD PRIMARY KEY (`id`);

--
-- AUTO_INCREMENT для сохранённых таблиц
--

--
-- AUTO_INCREMENT для таблицы `admins`
--
ALTER TABLE `admins`
  MODIFY `id` int(11) NOT NULL AUTO_INCREMENT, AUTO_INCREMENT=2;

--
-- AUTO_INCREMENT для таблицы `news`
--
ALTER TABLE `news`
  MODIFY `id` int(11) NOT NULL AUTO_INCREMENT, AUTO_INCREMENT=14;

--
-- AUTO_INCREMENT для таблицы `products`
--
ALTER TABLE `products`
  MODIFY `id` int(11) NOT NULL AUTO_INCREMENT, AUTO_INCREMENT=42;

--
-- AUTO_INCREMENT для таблицы `reports`
--
ALTER TABLE `reports`
  MODIFY `id` int(11) NOT NULL AUTO_INCREMENT, AUTO_INCREMENT=6;

--
-- AUTO_INCREMENT для таблицы `users`
--
ALTER TABLE `users`
  MODIFY `id` int(11) NOT NULL AUTO_INCREMENT, AUTO_INCREMENT=19;
COMMIT;

/*!40101 SET CHARACTER_SET_CLIENT=@OLD_CHARACTER_SET_CLIENT */;
/*!40101 SET CHARACTER_SET_RESULTS=@OLD_CHARACTER_SET_RESULTS */;
/*!40101 SET COLLATION_CONNECTION=@OLD_COLLATION_CONNECTION */;
